supplier_id,month,avg_lead_time_days,lead_time_std_days,lead_time_p90_days,fill_rate_pct,partial_rate_pct,total_ordered,total_received
S001,2024-02,28.333333333333332,12.355835328567093,43.0,100.0,0.0,68645,68645
S001,2024-03,38.0,12.328828005937952,53.599999999999994,99.26095384962301,5.263157894736842,226077,224045
S001,2024-04,35.76923076923077,10.133721315109652,44.8,100.0,0.0,124899,124899
S001,2024-05,42.1764705882353,17.68203641452833,55.4,99.71782070761883,5.88235294117647,139691,139678
S001,2024-06,48.76470588235294,16.09164927751622,68.60000000000001,97.66111815974416,11.76470588235294,111929,111627
S001,2024-07,38.095238095238095,13.144979124763804,55.0,98.65014920777003,9.523809523809524,207643,207506
S001,2024-08,33.44444444444444,10.357498625526231,46.0,100.0,0.0,132573,132573
S001,2024-09,39.857142857142854,8.839223276502757,52.7,97.40595856746489,14.285714285714285,197124,196757
S001,2024-10,31.0,12.202831266107506,40.9,100.0,0.0,147832,147832
S001,2024-11,37.588235294117645,10.811214221408086,52.2,100.0,0.0,155794,155794
S001,2024-12,39.86666666666667,12.755204353331157,58.199999999999996,100.0,0.0,181805,181805
S001,2025-01,35.56,8.201016197195726,44.6,100.0,0.0,231761,231761
S001,2025-02,42.5,12.024014432664453,56.800000000000004,100.0,0.0,156684,156684
S001,2025-03,36.4,11.8490505948789,52.599999999999994,99.1149072200994,6.666666666666667,170866,169094
S001,2025-04,40.57142857142857,13.311153713589711,58.400000000000006,97.17218527196637,14.285714285714285,118556,116725
S001,2025-05,38.63636363636363,10.938672015128047,52.0,96.73474691810426,18.181818181818183,76212,71565
S001,2025-06,37.785714285714285,9.48828079935836,50.900000000000006,99.47404887881078,7.142857142857142,154568,154234
S001,2025-07,39.166666666666664,11.511522554169431,43.9,99.44024071861587,8.333333333333332,114639,114133
S001,2025-08,35.333333333333336,13.719988893512095,54.0,99.42699665287144,13.333333333333334,260068,255021
S002,2024-02,34.166666666666664,12.960312379325467,50.7,100.0,0.0,122154,122154
S002,2024-03,42.666666666666664,15.523804486888077,59.2,99.44040290990486,3.3333333333333335,207836,207236
S002,2024-04,37.027027027027025,12.381631750492534,50.199999999999996,99.8588257439099,2.7027027027027026,316887,316167
S002,2024-05,40.607142857142854,13.854640312944186,55.6,98.77141357318166,10.0,229823,228493
S002,2024-06,37.0,12.224097980160805,52.900000000000006,99.72568248078453,4.545454545454546,203743,203536
S002,2024-07,42.4,11.493926432146075,60.1,99.27805628462126,3.225806451612903,212261,211191
S002,2024-08,34.766666666666666,13.438707176462795,57.1,100.0,0.0,349999,349999
S002,2024-09,36.0,10.657682998501679,51.1,99.05659804737029,6.666666666666667,324076,322266
S002,2024-10,36.172413793103445,13.504150064536356,53.8,99.29899565689468,6.666666666666667,339472,339449
S002,2024-11,39.48717948717949,13.525554361382975,60.0,99.3068852161342,4.878048780487805,453535,445545
S002,2024-12,38.3,12.391477633790005,54.300000000000004,99.6662963991484,2.5,401723,400281
S002,2025-01,37.03703703703704,10.871563051874519,48.0,100.0,0.0,247047,247047
S002,2025-02,38.611111111111114,17.012586651510798,60.30000000000001,99.253271262003,11.11111111111111,220528,217192
S002,2025-03,38.22727272727273,9.635904179196126,50.800000000000004,97.72717247463608,9.090909090909092,181442,176456
S002,2025-04,36.16,9.986157085352371,48.40000000000001,99.35899760559779,7.6923076923076925,296267,296013
S002,2025-05,36.46153846153846,11.006806874423217,48.000000000000014,98.72563466433655,7.6923076923076925,388979,386078
S002,2025-06,38.90909090909091,13.600008355612406,54.6,97.8504357680826,11.76470588235294,344180,339601
S002,2025-07,40.54545454545455,14.739595714204029,55.0,100.0,0.0,374288,374288
S002,2025-08,37.8235294117647,12.684810277048133,57.400000000000006,98.94394102781523,11.76470588235294,174543,172628
S003,2024-02,41.30769230769231,13.38770963349479,57.8,99.316036660435,7.142857142857142,70723,69823
S003,2024-03,38.083333333333336,11.70253286098009,54.5,98.95827900912647,4.166666666666666,299707,294913
S003,2024-04,42.2962962962963,13.24565186947375,54.0,99.23371647509578,3.7037037037037033,305783,305771
S003,2024-05,37.270270270270274,12.14872798245115,51.199999999999996,98.7512798721567,8.108108108108109,270663,267447
S003,2024-06,38.44444444444444,11.191801028271112,49.400000000000006,98.77284400382227,7.142857142857142,326899,325430
S003,2024-07,36.71875,12.174098297403333,51.0,98.55434453742575,9.090909090909092,286747,280226
S003,2024-08,40.63333333333333,10.851611459334867,53.400000000000006,99.15265265265263,6.666666666666667,296525,296114
S003,2024-09,42.80487804878049,15.648034241071816,62.0,99.39488281483557,4.761904761904762,385445,382942
S003,2024-10,39.51282051282051,12.491832689426351,55.20000000000002,98.10236481650314,10.0,427630,421537
S003,2024-11,38.1,12.319859876168277,52.20000000000002,98.81683398881826,8.695652173913043,182868,178615
S003,2024-12,43.90909090909091,14.22445876906138,60.400000000000006,99.01779088770958,6.0606060606060606,251384,250242
S003,2025-01,38.18181818181818,13.340386392114327,59.0,99.17357094918684,5.555555555555555,341317,339944
S003,2025-02,37.78125,11.364160911647037,51.900000000000006,96.86534707819602,15.151515151515152,373920,371020
S003,2025-03,37.7037037037037,13.070268123948676,58.2,99.67974734706202,7.4074074074074066,372209,371845
S003,2025-04,35.15625,11.141637613460482,52.40000000000001,99.71849778703464,3.125,286138,284408
S003,2025-05,40.391304347826086,16.805678505776722,52.60000000000001,100.0,0.0,171082,171082
S003,2025-06,38.421052631578945,14.263223506906352,55.0,99.65976331360947,2.5,321683,321384
S003,2025-07,41.82051282051282,12.721452653876886,57.400000000000006,99.6338909798774,2.564102564102564,368966,368146
S003,2025-08,41.285714285714285,18.775714967144992,64.30000000000001,99.20927054716117,7.142857142857142,206290,201869
S004,2024-02,35.4,12.838557996464067,53.2,100.0,0.0,187373,187373
S004,2024-03,38.392857142857146,11.308270607258393,51.6,99.42059843231836,3.225806451612903,328139,326909
S004,2024-04,42.4375,14.688019036813865,55.0,99.81660798122066,3.125,298690,298440
S004,2024-05,35.189189189189186,9.225080059387135,46.0,99.41207902626755,8.108108108108109,337796,337161
S004,2024-06,33.21739130434783,10.07678033780059,45.400000000000006,99.61381825969514,4.3478260869565215,212085,210967
S004,2024-07,40.8,12.70895932241596,56.20000000000001,99.51324534306843,2.7777777777777777,375020,374396
S004,2024-08,33.666666666666664,10.519822558706332,47.0,100.0,0.0,175629,175629
S004,2024-09,36.25925925925926,11.227002451482054,50.60000000000002,99.18136936724297,3.7037037037037033,240880,238799
S004,2024-10,39.5945945945946,14.285694980681937,54.8,99.14623495400265,5.263157894736842,343951,340869
S004,2024-11,34.17857142857143,11.388927603495947,53.3,99.74287132926656,3.571428571428571,271950,271660
S004,2024-12,38.088235294117645,11.498004166886828,54.5,99.41718914195978,2.857142857142857,323120,320652
S004,2025-01,37.758620689655174,10.659185081467777,52.0,98.37188393502527,9.67741935483871,315730,310562
S004,2025-02,41.142857142857146,11.13232102611901,57.0,99.64285714285714,4.761904761904762,199548,199545
S004,2025-03,38.3448275862069,14.013452368729142,54.599999999999994,100.0,0.0,334259,334259
S004,2025-04,42.35,15.358201684258447,62.100000000000016,99.13428641251222,5.0,434585,431226
S004,2025-05,42.88235294117647,15.967324031287854,57.0,98.85160290466163,5.714285714285714,361830,360598
S004,2025-06,39.114285714285714,12.872157432800062,54.20000000000001,99.55161854768154,2.7777777777777777,294225,294184
S004,2025-07,38.24242424242424,13.100644790978569,52.8,98.64240286259732,8.823529411764707,309999,298269
S004,2025-08,35.42857142857143,13.032925337664713,52.0,98.80979043353064,4.761904761904762,183487,181255
S005,2024-02,35.785714285714285,10.408417979460896,49.70000000000001,98.03615042663333,13.333333333333334,210254,207717
S005,2024-03,40.39393939393939,14.628609370723252,52.8,99.28573989745061,2.857142857142857,308340,301368
S005,2024-04,37.945945945945944,10.046961801531916,47.4,100.0,0.0,324809,324809
S005,2024-05,32.84615384615385,10.902081664314599,42.5,98.72854608092035,7.4074074074074066,376646,372237
S005,2024-06,36.03125,11.17452279416975,50.7,99.62823843610333,3.125,390535,387261
S005,2024-07,37.16129032258065,12.649365660494729,52.0,100.0,0.0,229478,229478
S005,2024-08,38.148148148148145,11.01992497427938,52.400000000000006,98.1764504279325,11.11111111111111,208689,205846
S005,2024-09,40.172413793103445,14.377733194862815,59.4,99.28680377306142,6.896551724137931,234651,233686
S005,2024-10,39.57142857142857,12.932598379302442,56.800000000000004,99.36465108809122,2.857142857142857,360515,358537
S005,2024-11,35.57692307692308,8.405584224421652,46.0,98.35251696237954,7.6923076923076925,284589,279246
S005,2024-12,41.3235294117647,14.721084833697782,62.5,100.0,0.0,314936,314936
S005,2025-01,41.74285714285714,16.46090351523315,61.2,99.58821335322642,2.857142857142857,326012,325736
S005,2025-02,37.16216216216216,10.673210267647566,51.8,99.68952002850308,2.7027027027027026,260926,260865
S005,2025-03,40.15625,11.878713341316105,54.800000000000004,98.05685948394223,9.375,248866,246039
S005,2025-04,40.1,13.306337613695781,60.0,99.26519909730658,10.0,208497,206785
S005,2025-05,38.421052631578945,12.893810748524915,54.60000000000001,98.71659524302524,7.6923076923076925,355318,349300
S005,2025-06,35.696969696969695,9.815436976024198,47.6,99.32759190985628,3.0303030303030303,262604,259819
S005,2025-07,40.45945945945946,13.891633362476764,58.8,100.0,0.0,316961,316961
S005,2025-08,34.55555555555556,12.724326965778038,52.6,100.0,0.0,212522,212522
S006,2024-02,37.2,12.93058390019569,47.8,100.0,0.0,36581,36581
S006,2024-03,41.642857142857146,16.246216803907316,62.800000000000004,99.38279130726325,7.142857142857142,82786,81571
S006,2024-04,36.470588235294116,16.210018688525714,57.4,98.52848277655978,5.88235294117647,164378,163586
S006,2024-05,38.94117647058823,15.126427983149616,53.400000000000006,100.0,0.0,128502,128502
S006,2024-06,43.61538461538461,11.558102940783302,57.2,99.27462769100657,7.6923076923076925,134714,133376
S006,2024-07,40.88235294117647,14.503802746784965,62.8,100.0,0.0,150633,150633
S006,2024-08,37.64705882352941,15.471510820176015,56.800000000000004,99.24424476717863,5.88235294117647,128037,127386
S006,2024-09,37.36842105263158,12.401659953032228,53.199999999999996,98.68369954011241,5.263157894736842,255097,254453
S006,2024-10,37.5,13.960470509338334,49.100000000000016,100.0,0.0,225262,225262
S006,2024-11,38.1,13.859824560293152,54.1,98.35943600594474,10.0,140537,139292
S006,2024-12,39.142857142857146,13.190072857191577,53.800000000000004,98.33362670891275,6.666666666666667,155099,153679
S006,2025-01,38.4375,10.813379058678496,51.0,99.16264090177134,6.25,169197,168781
S006,2025-02,35.833333333333336,12.669457427812429,41.7,100.0,0.0,108874,108874
S006,2025-03,35.72727272727273,12.3796369597582,54.10000000000002,98.86381213527386,4.545454545454546,224648,223032
S006,2025-04,39.833333333333336,10.735102432786764,53.300000000000004,98.46634880660997,7.6923076923076925,134978,131726
S006,2025-05,39.07692307692308,10.610227286770208,49.6,98.8406257444612,7.142857142857142,94678,94386
S006,2025-06,40.08695652173913,13.68779497308812,56.8,100.0,0.0,272470,272470
S006,2025-07,39.26315789473684,9.948992719886315,52.4,100.0,0.0,218090,218090
S006,2025-08,36.714285714285715,17.442422287001747,55.400000000000006,100.0,0.0,82530,82530
S007,2024-02,35.833333333333336,16.98573376440216,57.900000000000006,100.0,0.0,103891,103891
S007,2024-03,33.54545454545455,11.39643750822106,50.500000000000014,100.0,0.0,245653,245653
S007,2024-04,34.833333333333336,5.149286505444373,39.7,100.0,0.0,75252,75252
S007,2024-05,39.5,14.366627996854378,58.5,99.28279989839335,6.25,141274,139467
S007,2024-06,37.125,15.777093099385155,56.5,98.43869731800766,6.25,167769,167443
S007,2024-07,33.27272727272727,10.370203736722127,47.7,99.54479856809513,4.545454545454546,236927,234984
S007,2024-08,31.1875,10.425729390950703,43.0,99.26678886852191,5.88235294117647,131401,131357
S007,2024-09,43.42857142857143,13.793373150072568,57.0,100.0,0.0,178188,178188
S007,2024-10,39.8125,8.51836251870041,47.5,98.10840798186425,11.76470588235294,96684,95399
S007,2024-11,34.473684210526315,11.955326200543569,49.0,100.0,0.0,215151,215151
S007,2024-12,43.0,13.391539617733779,55.29999999999999,98.6116334461577,8.333333333333332,55972,55529
S007,2025-01,43.42857142857143,17.04615582972972,63.60000000000001,98.7849973586899,7.142857142857142,107351,106385
S007,2025-02,44.38461538461539,15.430156952855132,57.6,100.0,0.0,123019,123019
S007,2025-03,35.888888888888886,19.15229640320815,64.30000000000001,100.0,0.0,157956,157956
S007,2025-04,39.611111111111114,11.376647334569327,54.800000000000004,100.0,0.0,149561,149561
S007,2025-05,34.0,9.013878188659973,42.2,100.0,0.0,183755,183755
S007,2025-06,42.05882352941177,11.104450618081552,56.4,100.0,0.0,151459,151459
S007,2025-07,34.0,11.53940616915975,53.1,99.33813110597359,4.545454545454546,225360,223940
S007,2025-08,40.25,14.244882121894397,54.1,100.0,0.0,7852,7852
S008,2024-02,45.55555555555556,11.33700920780158,59.2,98.44180607204727,11.11111111111111,98959,90738
S008,2024-03,37.421052631578945,10.771958397584827,52.0,100.0,0.0,164541,164541
S008,2024-04,39.13636363636363,12.186235226858582,55.40000000000001,98.92424744561941,9.090909090909092,185508,184002
S008,2024-05,42.31578947368421,11.841793368212377,57.4,99.61204199402071,5.263157894736842,129085,128806
S008,2024-06,40.77777777777778,17.041663670357856,60.900000000000006,100.0,0.0,209599,209599
S008,2024-07,36.5,9.354143466934852,45.60000000000001,100.0,0.0,78801,78801
S008,2024-08,32.30434782608695,10.666151996806173,46.6,99.10251075045083,4.166666666666666,281532,278944
S008,2024-09,38.9,10.417091219418413,51.1,98.79192760863155,10.0,136748,135575
S008,2024-10,37.7,9.414993641163965,44.70000000000001,99.28097151843438,5.0,135651,134005
S008,2024-11,36.07692307692308,12.439597651997824,50.800000000000004,100.0,0.0,150805,150805
S008,2024-12,35.0,10.058651529317203,47.5,99.21870749409678,5.555555555555555,212118,210682
S008,2025-01,42.0,12.859565352399418,54.2,100.0,0.0,185430,185430
S008,2025-02,38.23529411764706,8.792961757598416,51.2,98.52941176470588,5.88235294117647,157665,153292
S008,2025-03,39.0,9.779931432455415,52.3,99.65627988380274,5.263157894736842,186706,186325
S008,2025-04,42.0,11.635776912085676,54.7,100.0,0.0,270838,270838
S008,2025-05,33.44444444444444,7.763876465901411,41.4,98.93997773782002,11.11111111111111,91189,89332
S008,2025-06,40.76190476190476,13.080155816750661,52.0,99.38686762282904,4.761904761904762,164149,163922
S008,2025-07,34.0,9.119095061289915,44.1,99.81192268247936,4.761904761904762,282864,282334
S008,2025-08,35.357142857142854,12.074175511632845,46.60000000000001,100.0,0.0,162428,162428
S009,2024-02,40.86666666666667,16.749697936153385,54.2,99.65232304334269,6.666666666666667,216255,216032
S009,2024-03,38.7037037037037,12.180737677594506,50.400000000000006,100.0,0.0,309468,309468
S009,2024-04,37.45454545454545,10.914700262406742,54.0,98.98251283951586,6.0606060606060606,346213,338662
S009,2024-05,35.0625,10.035220234817485,43.900000000000006,98.05097639374914,9.090909090909092,396322,382280
S009,2024-06,36.96875,12.473156661277613,53.900000000000006,99.66197351627312,3.125,312305,311627
S009,2024-07,40.05555555555556,13.532911088885587,55.0,98.6702251259564,8.333333333333332,309842,304638
S009,2024-08,37.733333333333334,7.9997126385171216,46.50000000000001,100.0,0.0,375043,375043
S009,2024-09,35.97435897435897,9.178026331484917,48.400000000000006,99.41718335620223,5.128205128205128,438767,432567
S009,2024-10,41.7037037037037,15.086455501579541,61.2,99.45141065830721,3.4482758620689653,331398,331391
S009,2024-11,43.666666666666664,12.247448713915889,53.800000000000004,99.6739581324195,3.4482758620689653,228971,227737
S009,2024-12,37.3448275862069,12.390306874064803,54.199999999999996,99.4706041235257,3.4482758620689653,303671,303377
S009,2025-01,36.44444444444444,9.866087499089115,49.5,99.08099353177077,5.555555555555555,417457,410273
S009,2025-02,37.89655172413793,17.374745275802315,55.39999999999999,100.0,0.0,323301,323301
S009,2025-03,42.07692307692308,17.28796824828893,60.0,98.34975758280066,14.814814814814813,252226,251490
S009,2025-04,39.39393939393939,11.14096998116466,54.0,98.53056043403332,12.121212121212121,261847,259619
S009,2025-05,34.80952380952381,10.72202894800722,47.0,100.0,0.0,262364,262364
S009,2025-06,41.3,12.638610792275417,57.2,99.23862278892747,10.0,279760,278681
S009,2025-07,43.0,12.569805089976535,54.4,99.7920394641389,3.4482758620689653,262498,262326
S009,2025-08,36.53333333333333,12.188206633971257,53.4,100.0,0.0,163047,163047
S010,2024-02,43.588235294117645,11.737007835951054,59.0,100.0,0.0,91440,91440
S010,2024-03,34.56521739130435,9.930788154002874,42.0,98.24128593294832,12.5,259789,256698
S010,2024-04,36.65384615384615,12.412710607090807,54.0,98.29584284250063,7.6923076923076925,222424,220429
S010,2024-05,38.03703703703704,8.30885293148441,46.800000000000004,98.72585510815026,6.896551724137931,184998,183336
S010,2024-06,37.36363636363637,10.01211387482305,49.0,99.90856844305121,4.545454545454546,241275,241233
S010,2024-07,36.83720930232558,9.63853929003901,51.0,99.34556276563353,6.976744186046512,377071,375085
S010,2024-08,39.354838709677416,12.403086677911471,58.0,99.04104801643615,6.451612903225806,234854,230481
S010,2024-09,42.666666666666664,10.130811089608441,57.0,100.0,0.0,130653,130653
S010,2024-10,34.4,10.890046071907863,49.300000000000004,99.58634363432776,3.225806451612903,243113,242533
S010,2024-11,35.5945945945946,12.166574108002857,50.199999999999996,98.84177167084087,5.405405405405405,470557,464937
S010,2024-12,38.75,11.667434690542068,55.7,100.0,0.0,313439,313439
S010,2025-01,37.371428571428574,12.863733138249597,54.2,99.58675451093202,5.714285714285714,366829,364678
S010,2025-02,36.888888888888886,9.114439964858832,49.5,99.52319546161668,5.405405405405405,435383,435089
S010,2025-03,43.29032258064516,17.173998851727568,74.0,99.32163187855787,3.225806451612903,306376,305661
S010,2025-04,37.583333333333336,12.268434812706273,52.4,100.0,0.0,237115,237115
S010,2025-05,38.645161290322584,14.337708759530521,53.0,99.81194870957204,3.125,300818,299897
S010,2025-06,38.46666666666667,9.63733162859618,49.300000000000004,98.35198703434264,10.0,235238,229602
S010,2025-07,36.28,11.663761543058628,51.2,98.32621528257513,8.0,292173,287120
S010,2025-08,32.18181818181818,7.717748140723197,40.0,99.21821148426389,9.090909090909092,109289,108393
S011,2024-02,36.53846153846154,11.573067762520768,54.800000000000004,100.0,0.0,117718,117718
S011,2024-03,39.93939393939394,13.576034477019132,57.0,98.9310071854829,5.88235294117647,273884,272737
S011,2024-04,37.48571428571429,13.16271791299741,58.60000000000002,99.9443995147594,2.7777777777777777,385070,384971
S011,2024-05,37.65714285714286,13.193008079466713,56.6,99.49294532627866,2.7777777777777777,393829,393783
S011,2024-06,40.73529411764706,11.667901640772955,56.0,99.90237401599207,2.941176470588235,267309,267246
S011,2024-07,37.361702127659576,12.483773001145359,52.599999999999994,99.19751970442827,4.25531914893617,325450,323992
S011,2024-08,41.577777777777776,13.89324376170742,62.400000000000006,100.0,0.0,434166,434166
S011,2024-09,35.38461538461539,12.921538369952467,49.0,99.48608291604637,3.7037037037037033,233226,230378
S011,2024-10,38.03703703703704,10.207393555207089,49.000000000000014,99.22469643651924,7.4074074074074066,266016,265571
S011,2024-11,38.69230769230769,11.530027686937203,55.5,98.9890623463885,7.4074074074074066,246670,243531
S011,2024-12,38.82142857142857,12.000165342776251,55.400000000000006,98.9685617232409,6.666666666666667,333379,332567
S011,2025-01,39.375,14.264331524686103,55.400000000000006,99.0554501191403,7.5,356214,353811
S011,2025-02,42.285714285714285,12.406262286254627,55.2,99.09828458963578,6.896551724137931,172370,170437
S011,2025-03,39.0,9.390517460812168,53.6,100.0,0.0,178333,178333
S011,2025-04,38.03448275862069,10.638483909913003,52.4,99.93091288944404,3.4482758620689653,181353,181228
S011,2025-05,36.8421052631579,11.388771890674139,49.90000000000001,98.87895661486758,7.894736842105263,323490,314637
S011,2025-06,37.516129032258064,13.308821554998612,52.0,98.84290813705955,6.451612903225806,297856,293918
S011,2025-07,40.03333333333333,12.742768965948502,59.0,98.63208692787623,6.666666666666667,206935,201911
S011,2025-08,38.642857142857146,11.215423054246072,52.400000000000006,99.40564899581294,7.142857142857142,143462,143127
S012,2024-02,41.142857142857146,10.309496315810694,49.900000000000006,98.33333333333333,6.666666666666667,124407,120489
S012,2024-03,35.89655172413793,13.699178358015823,55.2,99.83831142970926,3.225806451612903,328860,328657
S012,2024-04,39.2,12.569805089976533,54.6,99.46993865030674,4.0,210310,210202
S012,2024-05,36.75,13.438029809510407,52.800000000000004,98.19546127380382,8.823529411764707,353488,352148
S012,2024-06,37.48275862068966,13.973497081606133,57.0,98.59815599692044,6.896551724137931,306538,297857
S012,2024-07,37.69767441860465,11.027098404603372,50.800000000000004,100.0,0.0,391460,391460
S012,2024-08,42.23809523809524,13.634263731602951,57.8,98.4342471900296,9.523809523809524,441515,429907
S012,2024-09,38.87179487179487,14.14805079968613,60.0,98.26538679936749,7.5,360659,359909
S012,2024-10,40.275862068965516,12.244230570599766,62.0,99.6392026971077,3.4482758620689653,217686,217503
S012,2024-11,37.90909090909091,10.40104889815533,48.900000000000006,99.11697922798756,4.545454545454546,230372,229952
S012,2024-12,37.642857142857146,13.17762595401661,54.9,99.19109957948345,4.545454545454546,462075,458856
S012,2025-01,36.432432432432435,11.071837498156555,48.199999999999996,99.36207331427612,2.631578947368421,317651,317044
S012,2025-02,43.32258064516129,15.009745937832513,56.0,99.71813341684937,3.225806451612903,213563,213554
S012,2025-03,42.708333333333336,14.134383506239292,58.5,98.95854797719625,4.166666666666666,157124,155911
S012,2025-04,39.23529411764706,14.240486081951955,55.4,98.52925353485486,5.88235294117647,287377,282544
S012,2025-05,41.02564102564103,14.849219684420031,61.2,99.67062842006203,2.564102564102564,398060,397493
S012,2025-06,36.885714285714286,10.125016858581255,50.2,100.0,0.0,458647,458647
S012,2025-07,36.75,10.27987966495357,50.900000000000006,99.51249236619928,6.896551724137931,275763,273516
S012,2025-08,39.8235294117647,11.614835847514415,52.2,99.00083152275957,5.88235294117647,160999,160254
S013,2024-02,34.0,13.535139452550904,47.0,100.0,0.0,69973,69973
S013,2024-03,41.11538461538461,10.167898201996017,54.5,100.0,0.0,200649,200649
S013,2024-04,36.714285714285715,9.770921116808768,47.900000000000006,99.42190669371197,3.4482758620689653,319102,319045
S013,2024-05,39.03125,10.538667281232298,51.0,98.92450544258095,5.88235294117647,350106,347849
S013,2024-06,39.71111111111111,11.238372217586058,52.0,100.0,0.0,389661,389661
S013,2024-07,40.206896551724135,12.410765230075828,53.19999999999999,99.36557949785384,10.344827586206897,224920,222179
S013,2024-08,37.03448275862069,11.727509657153163,49.599999999999994,100.0,0.0,324120,324120
S013,2024-09,38.2,12.5233115961128,56.6,99.40748530444516,7.6923076923076925,307203,305930
S013,2024-10,39.23809523809524,9.529951561849424,50.0,98.8890384306966,7.142857142857142,478019,466545
S013,2024-11,37.130434782608695,11.246431142310666,53.8,99.36433237339327,4.3478260869565215,305533,305171
S013,2024-12,38.45161290322581,11.92151754791148,54.0,98.09246301728739,9.67741935483871,239461,233408
S013,2025-01,37.02564102564103,10.76663261506337,52.2,99.3063301984642,5.128205128205128,422217,418758
S013,2025-02,41.57142857142857,13.054829429317389,61.6,99.28810501836517,5.714285714285714,331477,331000
S013,2025-03,35.16129032258065,12.404560382358172,52.0,98.17243107100151,12.121212121212121,371120,363488
S013,2025-04,32.70967741935484,11.576394223842176,51.0,100.0,0.0,410849,410849
S013,2025-05,34.666666666666664,13.413923114932981,56.0,98.56158633631922,9.523809523809524,345539,342970
S013,2025-06,34.166666666666664,12.399308736492413,52.5,99.5243917841822,5.405405405405405,389103,383309
S013,2025-07,36.07692307692308,10.824885110328973,52.0,99.95000340885849,2.5,424128,423248
S013,2025-08,43.714285714285715,16.638364247580494,64.20000000000002,97.32806251119287,14.285714285714285,127589,125294
S014,2024-02,31.0,,31.0,100.0,0.0,2975,2975
S014,2024-03,42.166666666666664,15.460093555784944,54.4,98.43434468712252,8.333333333333332,219902,216150
S014,2024-04,33.666666666666664,9.027735042633894,44.2,100.0,0.0,162734,162734
S014,2024-05,38.2,12.42466956474511,57.1,98.60519438695596,9.67741935483871,283807,283329
S014,2024-06,35.285714285714285,9.980200178573353,50.60000000000001,97.38261736219911,14.285714285714285,171623,164547
S014,2024-07,39.0,16.504544828622205,58.5,99.24661492734478,6.25,162965,162600
S014,2024-08,42.31818181818182,16.060559094924386,60.900000000000006,100.0,0.0,153286,153286
S014,2024-09,42.61538461538461,12.14179051553258,60.400000000000006,100.0,0.0,112087,112087
S014,2024-10,40.421052631578945,11.166993972684184,52.0,99.26864363935005,5.263157894736842,199451,196254
S014,2024-11,43.2,8.443274772793366,54.4,97.55351271556061,10.0,62825,59179
S014,2024-12,42.411764705882355,15.3462488231221,62.60000000000001,98.53025066272946,5.88235294117647,148339,147463
S014,2025-01,38.666666666666664,19.905838948469974,60.60000000000001,100.0,0.0,111993,111993
S014,2025-02,33.23076923076923,7.406684437653216,41.6,98.07692307692307,7.6923076923076925,166513,161979
S014,2025-03,37.46153846153846,15.703584434853214,51.6,100.0,0.0,176252,176252
S014,2025-04,43.6,17.69503562342517,63.199999999999996,99.27217008235971,6.25,130811,128987
S014,2025-05,38.95238095238095,15.894892860526586,56.0,99.65130493890422,8.695652173913043,269586,268882
S014,2025-06,38.5,10.825894882179488,50.0,98.77334716869257,6.25,168400,166414
S014,2025-07,32.3125,10.37123425634577,42.0,99.59265906531532,6.25,210923,209534
S014,2025-08,44.15384615384615,10.76913919374984,58.60000000000001,100.0,0.0,90450,90450
S015,2024-02,36.75,16.833215463990914,49.69999999999999,100.0,0.0,74242,74242
S015,2024-03,35.708333333333336,10.98805346003466,50.8,99.53113299460018,7.6923076923076925,227671,224144
S015,2024-04,40.19444444444444,15.086075783307018,61.5,99.1979642263544,8.333333333333332,358026,356285
S015,2024-05,39.357142857142854,18.24364787619756,57.6,100.0,0.0,340286,340286
S015,2024-06,36.14705882352941,10.609122298089925,52.4,98.64630598301684,5.88235294117647,375697,373158
S015,2024-07,33.56,9.840731680114034,48.0,98.31593131042507,11.538461538461538,272047,267038
S015,2024-08,37.0,9.791771437221556,51.7,99.80867636871548,5.555555555555555,394143,393519
S015,2024-09,35.92857142857143,10.831806974279147,52.900000000000006,99.2564602632862,3.571428571428571,240567,240262
S015,2024-10,37.59375,12.427491312512778,56.900000000000006,100.0,0.0,325984,325984
S015,2024-11,38.67741935483871,11.088694232638316,51.0,98.62293919183992,6.451612903225806,278163,273229
S015,2024-12,34.578947368421055,11.219268124097859,49.20000000000002,99.08711861072527,5.128205128205128,445196,442607
S015,2025-01,37.642857142857146,11.36494702609402,52.0,99.73038139992542,4.761904761904762,496601,495171
S015,2025-02,33.0,9.865765724632496,48.0,100.0,0.0,231842,231842
S015,2025-03,35.743589743589745,10.246226388074854,51.0,98.11851306721572,12.5,442500,434504
S015,2025-04,36.55882352941177,12.121084001105423,50.7,98.99882011484019,8.823529411764707,386550,383574
S015,2025-05,38.875,7.652745659502362,46.0,99.63187847758478,3.0303030303030303,283574,283052
S015,2025-06,37.285714285714285,13.632361124958136,53.800000000000004,98.59093064771919,7.142857142857142,221665,219095
S015,2025-07,37.285714285714285,12.27280932547621,47.6,100.0,0.0,403054,403054
S015,2025-08,33.57142857142857,10.218492179259247,46.1,100.0,0.0,107826,107826
S016,2024-02,34.54545454545455,12.620329919329656,48.0,97.94562923065726,9.090909090909092,107489,106360
S016,2024-03,38.861111111111114,11.940693394026946,55.5,98.83346365539427,8.108108108108109,436331,431497
S016,2024-04,39.91111111111111,11.659608254416813,52.6,99.95543059460586,2.2222222222222223,354824,354717
S016,2024-05,40.666666666666664,10.873356660087595,57.2,99.78853601306584,3.225806451612903,349149,348556
S016,2024-06,37.94117647058823,10.876555761850426,52.0,99.41681898156848,2.857142857142857,398863,395449
S016,2024-07,39.54838709677419,11.304390620985634,57.0,99.82501829874,3.225806451612903,315302,314231
S016,2024-08,38.86206896551724,12.141205335347633,52.99999999999999,99.74849982350864,3.3333333333333335,180706,179851
S016,2024-09,39.5,10.304368005850725,52.5,99.8000189626436,3.7037037037037033,277110,275507
S016,2024-10,40.111111111111114,15.82363111258922,58.0,98.67481864520369,5.555555555555555,470727,468013
S016,2024-11,41.138888888888886,15.968098156329033,60.5,98.5300637892987,7.894736842105263,312924,308837
S016,2024-12,36.583333333333336,15.362055644450335,50.599999999999994,99.66820115221019,4.166666666666666,215104,214611
S016,2025-01,44.4,13.752993404572218,60.2,99.51320208275564,3.225806451612903,216432,216274
S016,2025-02,34.096774193548384,8.141886917701889,46.0,99.3745945668827,6.25,367607,365427
S016,2025-03,37.535714285714285,11.796051262894093,57.2,100.0,0.0,213563,213563
S016,2025-04,36.8,9.700818643441448,49.6,99.49574128370257,5.714285714285714,349755,349480
S016,2025-05,38.87755102040816,12.450958217913097,54.80000000000001,99.17056562000084,4.0,453180,450605
S016,2025-06,35.275862068965516,12.284998260724738,48.2,98.75624121914417,10.344827586206897,258455,255895
S016,2025-07,36.71875,13.749450135632989,51.900000000000006,98.07587464765146,9.375,348233,337509
S016,2025-08,40.4,9.73196337390925,55.0,97.72675513964515,9.090909090909092,62937,61839
S017,2024-02,38.57142857142857,8.772250620700538,47.2,100.0,0.0,56934,56934
S017,2024-03,36.78260869565217,15.791126742397658,48.400000000000006,99.49327969419525,4.166666666666666,194932,193617
S017,2024-04,39.92307692307692,13.181183169336116,50.6,100.0,0.0,115059,115059
S017,2024-05,38.0,11.193485500372923,50.6,99.2184388689765,5.555555555555555,169909,168810
S017,2024-06,36.916666666666664,13.194064322009854,54.7,98.44812331191207,8.333333333333332,122513,121180
S017,2024-07,35.31578947368421,9.843512424033673,49.0,99.54341298791533,5.263157894736842,218960,218776
S017,2024-08,42.5,13.12150574604448,58.8,100.0,0.0,155867,155867
S017,2024-09,42.0,10.543560435956472,54.6,99.45858221571058,4.0,160399,159198
S017,2024-10,35.6,10.568146208570086,47.8,99.23340177960301,6.666666666666667,164546,161186
S017,2024-11,36.8,10.475822504360082,50.599999999999994,99.4400163498876,6.666666666666667,153005,152457
S017,2024-12,40.46153846153846,14.964487877501773,55.6,100.0,0.0,131803,131803
S017,2025-01,37.76923076923077,6.9059617499887525,47.6,97.92451959143632,15.384615384615385,127934,127417
S017,2025-02,37.86666666666667,17.249706691778297,54.0,98.32884097035041,6.666666666666667,129672,129579
S017,2025-03,41.5625,14.38503273081666,58.0,98.08487220251925,11.76470588235294,95853,95804
S017,2025-04,39.56521739130435,16.255980960743262,58.8,98.67649966020193,8.333333333333332,207541,205056
S017,2025-05,41.0,16.22438810034971,63.900000000000006,99.00366300366301,7.142857142857142,162149,161741
S017,2025-06,39.1,13.47796555699545,54.0,97.49978379313326,10.0,128595,125704
S017,2025-07,34.07142857142857,9.143844383512338,44.60000000000001,97.56772869321075,14.285714285714285,155784,152854
S017,2025-08,38.625,8.365533028871672,47.9,99.74858964925191,12.5,59617,59535
S018,2024-02,41.63636363636363,19.525740586583275,72.0,100.0,0.0,89409,89409
S018,2024-03,37.81481481481482,13.770193666693057,51.60000000000001,99.25169396750213,3.7037037037037033,249982,248617
S018,2024-04,36.70454545454545,10.144489959222671,49.400000000000006,99.16438618006634,6.8181818181818175,444757,442540
S018,2024-05,39.095238095238095,10.168841754342273,53.0,98.21700164392946,13.636363636363635,442830,438006
S018,2024-06,38.206896551724135,13.862537673128838,59.4,99.29271206690562,3.3333333333333335,347165,346277
S018,2024-07,34.714285714285715,11.514426194214396,53.3,99.88169510228335,3.571428571428571,318889,318666
S018,2024-08,36.37931034482759,9.954947775939104,45.0,99.05523334892983,6.896551724137931,404850,404697
S018,2024-09,38.73529411764706,14.357573914096776,54.7,99.73449068164412,2.857142857142857,379798,379434
S018,2024-10,33.32142857142857,9.710832330457803,45.6,98.16773918886163,10.344827586206897,371333,363623
S018,2024-11,39.22222222222222,13.705288053701045,57.0,100.0,0.0,427448,427448
S018,2024-12,36.541666666666664,14.64353000524439,53.5,99.47476929118397,3.8461538461538463,230997,229606
S018,2025-01,38.27272727272727,11.724101051020735,54.400000000000006,98.29155879733077,11.76470588235294,336832,332435
S018,2025-02,36.09090909090909,12.63270466973432,52.6,99.70187530052893,2.941176470588235,344230,343486
S018,2025-03,35.357142857142854,10.382372117856827,53.0,99.10714285714286,3.571428571428571,229049,226210
S018,2025-04,37.52777777777778,12.55726565120451,53.5,98.68796854932081,8.333333333333332,444606,440343
S018,2025-05,36.97727272727273,9.563712027128565,47.7,98.37778949053205,9.090909090909092,381376,372472
S018,2025-06,36.54838709677419,11.233398742670358,54.0,100.0,0.0,330017,330017
S018,2025-07,36.81818181818182,10.637359122024089,50.8,98.64946683335259,9.090909090909092,409118,389292
S018,2025-08,40.18181818181818,12.55705593201104,53.800000000000004,98.2023738484415,9.090909090909092,220052,217530
S019,2024-02,41.5,15.35341241311757,64.5,100.0,0.0,103724,103724
S019,2024-03,34.81818181818182,9.266613721858157,44.60000000000001,99.01703936400625,9.090909090909092,247613,246908
S019,2024-04,38.857142857142854,11.65217186809813,51.0,98.9086135891824,8.571428571428571,274255,270032
S019,2024-05,39.8,14.317821063276353,57.400000000000006,99.64144887666208,4.0,203431,203040
S019,2024-06,34.36363636363637,11.607697289455665,44.6,99.31904658477528,3.0303030303030303,358688,355302
S019,2024-07,36.354838709677416,7.4991038891180155,43.0,100.0,0.0,241153,241153
S019,2024-08,38.36363636363637,14.130680675878157,53.6,99.31854429462085,3.0303030303030303,342440,342393
S019,2024-09,36.57142857142857,10.117793628017901,49.00000000000001,100.0,0.0,385857,385857
S019,2024-10,38.892857142857146,11.259035172512473,54.6,99.02690744630056,6.666666666666667,318062,315282
S019,2024-11,40.04651162790697,14.65468150191196,55.60000000000001,99.6077578769967,4.545454545454546,358883,358040
S019,2024-12,38.666666666666664,9.416297927883692,49.0,99.01018589253884,8.571428571428571,395591,394501
S019,2025-01,36.0,8.380930735902783,42.5,99.6222691829086,3.8461538461538463,240003,238977
S019,2025-02,38.46666666666667,10.937860010495445,50.400000000000006,100.0,0.0,277787,277787
S019,2025-03,37.972972972972975,13.378021956607466,57.0,97.77677834141579,10.81081081081081,466632,453677
S019,2025-04,40.375,13.2512933026761,53.0,100.0,0.0,421548,421548
S019,2025-05,39.125,15.782288970909454,54.900000000000006,99.45964877170161,3.0303030303030303,271608,269988
S019,2025-06,35.714285714285715,10.991555199983564,51.0,99.2006140977792,4.761904761904762,195677,191147
S019,2025-07,35.36363636363637,11.202171055810403,50.6,99.3292235493112,2.941176470588235,260020,256784
S019,2025-08,43.25,15.809279975170702,57.5,100.0,0.0,165250,165250
S020,2024-02,30.75,8.65544144839919,38.4,100.0,0.0,69083,69083
S020,2024-03,33.333333333333336,7.9267479670627425,41.0,98.5987637659343,13.636363636363635,225413,221980
S020,2024-04,35.0625,9.341439931830639,45.0,100.0,0.0,150053,150053
S020,2024-05,35.095238095238095,11.00865460401389,53.0,98.94691721631429,9.523809523809524,237611,236445
S020,2024-06,32.8,10.597843446394446,45.0,97.18161502828279,11.76470588235294,138255,135296
S020,2024-07,33.0,9.836157786453,43.6,100.0,0.0,154209,154209
S020,2024-08,37.52173913043478,13.017015316386301,52.0,100.0,0.0,225858,225858
S020,2024-09,34.12,10.709497342701633,40.2,100.0,0.0,309842,309842
S020,2024-10,36.9375,14.55320697761608,52.5,98.5029926819245,12.5,165205,161912
S020,2024-11,38.833333333333336,12.509996003196802,53.800000000000004,97.48906970149301,11.11111111111111,142475,141080
S020,2024-12,40.642857142857146,10.659824957843734,54.400000000000006,100.0,0.0,129142,129142
S020,2025-01,41.125,15.525785004308156,58.5,98.4573854679098,10.526315789473683,172274,167727
S020,2025-02,38.333333333333336,10.209917935146406,53.5,98.45534971491183,7.6923076923076925,138880,135835
S020,2025-03,39.0,11.189280584559492,54.0,98.23386186467204,9.090909090909092,183210,177961
S020,2025-04,37.23076923076923,5.746793978005566,42.8,96.87491403579862,15.384615384615385,187447,183055
S020,2025-05,34.81818181818182,11.356215758941723,48.0,100.0,0.0,145877,145877
S020,2025-06,31.36842105263158,8.908239172036122,41.599999999999994,100.0,0.0,290037,290037
S020,2025-07,40.130434782608695,15.419304157823154,63.6,98.1313171578813,12.5,189390,186599
S020,2025-08,37.625,10.966670285134734,51.9,98.72265253431173,12.5,58822,58070
