supplier_id,month,total_deliveries,on_time_deliveries,otdr_pct,avg_lead_time_days,lead_time_std_days,lead_time_p90_days,fill_rate_pct,partial_rate_pct,total_ordered,total_received,supplier_name,country,tier_level,on_time_rating,risk_index_score,risk_rank,risk_tier
S001,2024-02,8,4,50.0,28.333333333333332,12.355835328567093,43.0,100.0,0.0,68645,68645,Nippon Substrate Co.,Japan,Tier 2,88.76,47.528832934286584,13,C
S001,2024-03,19,6,31.57894736842105,38.0,12.328828005937952,53.599999999999994,99.26095384962301,5.263157894736842,226077,224045,Nippon Substrate Co.,Japan,Tier 2,88.76,39.41778371159405,18,C
S001,2024-04,13,7,53.84615384615385,35.76923076923077,10.133721315109652,44.8,100.0,0.0,124899,124899,Nippon Substrate Co.,Japan,Tier 2,88.76,49.51171727543961,13,C
S001,2024-05,17,4,23.52941176470588,42.1764705882353,17.68203641452833,55.4,99.71782070761883,5.88235294117647,139691,139678,Nippon Substrate Co.,Japan,Tier 2,88.76,35.202468341144694,18,C
S001,2024-06,17,6,35.294117647058826,48.76470588235294,16.09164927751622,68.60000000000001,97.66111815974416,11.76470588235294,111929,111627,Nippon Substrate Co.,Japan,Tier 2,88.76,39.02118206300824,19,C
S001,2024-07,21,1,4.761904761904762,38.095238095238095,13.144979124763804,55.0,98.65014920777003,9.523809523809524,207643,207506,Nippon Substrate Co.,Japan,Tier 2,88.76,27.9184298897592,20,C
S001,2024-08,9,3,33.33333333333333,33.44444444444444,10.357498625526231,46.0,100.0,0.0,132573,132573,Nippon Substrate Co.,Japan,Tier 2,88.76,41.26183360822808,17,C
S001,2024-09,14,8,57.14285714285714,39.857142857142854,8.839223276502757,52.7,97.40595856746489,14.285714285714285,197124,196757,Nippon Substrate Co.,Japan,Tier 2,88.76,48.882514343510344,13,C
S001,2024-10,12,5,41.66666666666667,31.0,12.202831266107506,40.9,100.0,0.0,147832,147832,Nippon Substrate Co.,Japan,Tier 2,88.76,44.22610041344517,15,C
S001,2024-11,19,4,21.052631578947366,37.588235294117645,10.811214221408086,52.2,100.0,0.0,155794,155794,Nippon Substrate Co.,Japan,Tier 2,88.76,36.25880978729733,19,C
S001,2024-12,15,7,46.666666666666664,39.86666666666667,12.755204353331157,58.199999999999996,100.0,0.0,181805,181805,Nippon Substrate Co.,Japan,Tier 2,88.76,46.11562579600044,14,C
S001,2025-01,25,8,32.0,35.56,8.201016197195726,44.6,100.0,0.0,231761,231761,Nippon Substrate Co.,Japan,Tier 2,88.76,41.15979676056085,15,C
S001,2025-02,14,7,50.0,42.5,12.024014432664453,56.800000000000004,100.0,0.0,156684,156684,Nippon Substrate Co.,Japan,Tier 2,88.76,47.59519711346711,13,C
S001,2025-03,15,8,53.333333333333336,36.4,11.8490505948789,52.599999999999994,99.1149072200994,6.666666666666667,170866,169094,Nippon Substrate Co.,Japan,Tier 2,88.76,48.03132871372071,14,C
S001,2025-04,14,7,50.0,40.57142857142857,13.311153713589711,58.400000000000006,97.17218527196637,14.285714285714285,118556,116725,Nippon Substrate Co.,Japan,Tier 2,88.76,45.06085341030053,15,C
S001,2025-05,11,5,45.45454545454545,38.63636363636363,10.938672015128047,52.0,96.73474691810426,18.181818181818183,76212,71565,Nippon Substrate Co.,Japan,Tier 2,88.76,43.19632603604204,14,C
S001,2025-06,14,6,42.857142857142854,37.785714285714285,9.48828079935836,50.900000000000006,99.47404887881078,7.142857142857142,154568,154234,Nippon Substrate Co.,Japan,Tier 2,88.76,44.373129932342984,16,C
S001,2025-07,12,7,58.333333333333336,39.166666666666664,11.511522554169431,43.9,99.44024071861587,8.333333333333332,114639,114133,Nippon Substrate Co.,Japan,Tier 2,88.76,50.029767704750874,14,C
S001,2025-08,15,4,26.666666666666668,35.333333333333336,13.719988893512095,54.0,99.42699665287144,13.333333333333334,260068,255021,Nippon Substrate Co.,Japan,Tier 2,88.76,36.41743455049234,18,C
S002,2024-02,12,11,91.66666666666666,34.166666666666664,12.960312379325467,50.7,100.0,0.0,122154,122154,Formotech Packaging,Malaysia,Tier 1,94.34,64.07460419080157,3,A
S002,2024-03,30,26,86.66666666666667,42.666666666666664,15.523804486888077,59.2,99.44040290990486,3.3333333333333335,207836,207236,Formotech Packaging,Malaysia,Tier 1,94.34,61.060693308927185,6,B
S002,2024-04,37,28,75.67567567567568,37.027027027027025,12.381631750492534,50.199999999999996,99.8588257439099,2.7027027027027026,316887,316167,Formotech Packaging,Malaysia,Tier 1,94.34,57.481321373074465,9,C
S002,2024-05,30,24,80.0,40.607142857142854,13.854640312944186,55.6,98.77141357318166,10.0,229823,228493,Formotech Packaging,Malaysia,Tier 1,94.34,57.86049600936566,7,C
S002,2024-06,22,19,86.36363636363636,37.0,12.224097980160805,52.900000000000006,99.72568248078453,4.545454545454546,203743,203536,Formotech Packaging,Malaysia,Tier 1,94.34,61.5637942391123,3,A
S002,2024-07,31,24,77.41935483870968,42.4,11.493926432146075,60.1,99.27805628462126,3.225806451612903,212261,211191,Formotech Packaging,Malaysia,Tier 1,94.34,58.12979288927974,9,C
S002,2024-08,30,24,80.0,34.766666666666666,13.438707176462795,57.1,100.0,0.0,349999,349999,Formotech Packaging,Malaysia,Tier 1,94.34,59.31225856470744,8,C
S002,2024-09,30,21,70.0,36.0,10.657682998501679,51.1,99.05659804737029,6.666666666666667,324076,322266,Formotech Packaging,Malaysia,Tier 1,94.34,54.918776147844085,10,C
S002,2024-10,30,23,76.66666666666667,36.172413793103445,13.504150064536356,53.8,99.29899565689468,6.666666666666667,339472,339449,Formotech Packaging,Malaysia,Tier 1,94.34,57.08886868416114,8,C
S002,2024-11,41,36,87.8048780487805,39.48717948717949,13.525554361382975,60.0,99.3068852161342,4.878048780487805,453535,445545,Formotech Packaging,Malaysia,Tier 1,94.34,61.721101034027086,3,A
S002,2024-12,40,32,80.0,38.3,12.391477633790005,54.300000000000004,99.6662963991484,2.5,401723,400281,Formotech Packaging,Malaysia,Tier 1,94.34,59.17159339298651,4,B
S002,2025-01,27,22,81.48148148148148,37.03703703703704,10.871563051874519,48.0,100.0,0.0,247047,247047,Formotech Packaging,Malaysia,Tier 1,94.34,60.41827998221769,5,B
S002,2025-02,18,15,83.33333333333334,38.611111111111114,17.012586651510798,60.30000000000001,99.253271262003,11.11111111111111,220528,217192,Formotech Packaging,Malaysia,Tier 1,94.34,58.59568627052096,7,C
S002,2025-03,22,14,63.63636363636363,38.22727272727273,9.635904179196126,50.800000000000004,97.72717247463608,9.090909090909092,181442,176456,Formotech Packaging,Malaysia,Tier 1,94.34,51.93642545200615,11,C
S002,2025-04,26,16,61.53846153846154,36.16,9.986157085352371,48.40000000000001,99.35899760559779,7.6923076923076925,296267,296013,Formotech Packaging,Malaysia,Tier 1,94.34,51.656621710762714,10,C
S002,2025-05,39,34,87.17948717948718,36.46153846153846,11.006806874423217,48.000000000000014,98.72563466433655,7.6923076923076925,388979,386078,Formotech Packaging,Malaysia,Tier 1,94.34,61.51889312698044,2,A
S002,2025-06,34,27,79.41176470588235,38.90909090909091,13.600008355612406,54.6,97.8504357680826,11.76470588235294,344180,339601,Formotech Packaging,Malaysia,Tier 1,94.34,57.22336435341994,7,C
S002,2025-07,34,26,76.47058823529412,40.54545454545455,14.739595714204029,55.0,100.0,0.0,374288,374288,Formotech Packaging,Malaysia,Tier 1,94.34,57.64031615127685,8,C
S002,2025-08,17,15,88.23529411764706,37.8235294117647,12.684810277048133,57.400000000000006,98.94394102781523,11.76470588235294,174543,172628,Formotech Packaging,Malaysia,Tier 1,94.34,61.263867311758474,3,A
S003,2024-02,14,3,21.428571428571427,41.30769230769231,13.38770963349479,57.8,99.316036660435,7.142857142857142,70723,69823,Taiwan Advanced Materials,United States,Tier 1,88.2,34.9744119285744,17,C
S003,2024-03,24,14,58.333333333333336,38.083333333333336,11.70253286098009,54.5,98.95827900912647,4.166666666666666,299707,294913,Taiwan Advanced Materials,United States,Tier 1,88.2,50.263643797208594,13,C
S003,2024-04,27,9,33.33333333333333,42.2962962962963,13.24565186947375,54.0,99.23371647509578,3.7037037037037033,305783,305771,Taiwan Advanced Materials,United States,Tier 1,88.2,40.08394753159694,17,C
S003,2024-05,37,6,16.216216216216218,37.270270270270274,12.14872798245115,51.199999999999996,98.7512798721567,8.108108108108109,270663,267447,Taiwan Advanced Materials,United States,Tier 1,88.2,32.87131404083246,20,C
S003,2024-06,28,10,35.714285714285715,38.44444444444444,11.191801028271112,49.400000000000006,98.77284400382227,7.142857142857142,326899,325430,Taiwan Advanced Materials,United States,Tier 1,88.2,40.96492156692103,16,C
S003,2024-07,33,14,42.42424242424242,36.71875,12.174098297403333,51.0,98.55434453742575,9.090909090909092,286747,280226,Taiwan Advanced Materials,United States,Tier 1,88.2,43.19208976235312,15,C
S003,2024-08,30,8,26.666666666666668,40.63333333333333,10.851611459334867,53.400000000000006,99.15265265265263,6.666666666666667,296525,296114,Taiwan Advanced Materials,United States,Tier 1,88.2,37.57547350392882,19,C
S003,2024-09,42,10,23.809523809523807,42.80487804878049,15.648034241071816,62.0,99.39488281483557,4.761904761904762,385445,382942,Taiwan Advanced Materials,United States,Tier 1,88.2,35.73647704385535,20,C
S003,2024-10,40,10,25.0,39.51282051282051,12.491832689426351,55.20000000000002,98.10236481650314,10.0,427630,421537,Taiwan Advanced Materials,United States,Tier 1,88.2,35.932342907065674,19,C
S003,2024-11,23,6,26.08695652173913,38.1,12.319859876168277,52.20000000000002,98.81683398881826,8.695652173913043,182868,178615,Taiwan Advanced Materials,United States,Tier 1,88.2,36.74629561271617,18,C
S003,2024-12,33,15,45.45454545454545,43.90909090909091,14.22445876906138,60.400000000000006,99.01779088770958,6.0606060606060606,251384,250242,Taiwan Advanced Materials,United States,Tier 1,88.2,44.43620308825817,16,C
S003,2025-01,36,9,25.0,38.18181818181818,13.340386392114327,59.0,99.17357094918684,5.555555555555555,341317,339944,Taiwan Advanced Materials,United States,Tier 1,88.2,36.52843845077763,19,C
S003,2025-02,33,9,27.27272727272727,37.78125,11.364160911647037,51.900000000000006,96.86534707819602,15.151515151515152,373920,371020,Taiwan Advanced Materials,United States,Tier 1,88.2,36.180711335068786,19,C
S003,2025-03,27,5,18.51851851851852,37.7037037037037,13.070268123948676,58.2,99.67974734706202,7.4074074074074066,372209,371845,Taiwan Advanced Materials,United States,Tier 1,88.2,33.95653724599554,20,C
S003,2025-04,32,6,18.75,35.15625,11.141637613460482,52.40000000000001,99.71849778703464,3.125,286138,284408,Taiwan Advanced Materials,United States,Tier 1,88.2,34.87472181341829,18,C
S003,2025-05,23,7,30.434782608695656,40.391304347826086,16.805678505776722,52.60000000000001,100.0,0.0,171082,171082,Taiwan Advanced Materials,United States,Tier 1,88.2,38.81277734232292,18,C
S003,2025-06,40,12,30.0,38.421052631578945,14.263223506906352,55.0,99.65976331360947,2.5,321683,321384,Taiwan Advanced Materials,United States,Tier 1,88.2,38.79528429270157,18,C
S003,2025-07,39,13,33.33333333333333,41.82051282051282,12.721452653876886,57.400000000000006,99.6338909798774,2.564102564102564,368966,368146,Taiwan Advanced Materials,United States,Tier 1,88.2,40.42279984011092,18,C
S003,2025-08,14,4,28.57142857142857,41.285714285714285,18.775714967144992,64.30000000000001,99.20927054716117,7.142857142857142,206290,201869,Taiwan Advanced Materials,United States,Tier 1,88.2,36.72192388500507,17,C
S004,2024-02,15,9,60.0,35.4,12.838557996464067,53.2,100.0,0.0,187373,187373,Korea Probe Solutions,Korea,Tier 1,92.8,51.432288400707186,10,C
S004,2024-03,31,20,64.51612903225806,38.392857142857146,11.308270607258393,51.6,99.42059843231836,3.225806451612903,328139,326909,Korea Probe Solutions,Korea,Tier 1,92.8,53.04839637598577,11,C
S004,2024-04,32,19,59.375,42.4375,14.688019036813865,55.0,99.81660798122066,3.125,298690,298440,Korea Probe Solutions,Korea,Tier 1,92.8,50.444878587003416,12,C
S004,2024-05,37,24,64.86486486486487,35.189189189189186,9.225080059387135,46.0,99.41207902626755,8.108108108108109,337796,337161,Korea Probe Solutions,Korea,Tier 1,92.8,53.11374283113797,11,C
S004,2024-06,23,19,82.6086956521739,33.21739130434783,10.07678033780059,45.400000000000006,99.61381825969514,4.3478260869565215,212085,210967,Korea Probe Solutions,Korea,Tier 1,92.8,60.477485062522334,7,C
S004,2024-07,36,18,50.0,40.8,12.70895932241596,56.20000000000001,99.51324534306843,2.7777777777777777,375020,374396,Korea Probe Solutions,Korea,Tier 1,92.8,47.03440396065956,13,C
S004,2024-08,16,10,62.5,33.666666666666664,10.519822558706332,47.0,100.0,0.0,175629,175629,Korea Probe Solutions,Korea,Tier 1,92.8,52.89603548825873,12,C
S004,2024-09,27,16,59.25925925925925,36.25925925925926,11.227002451482054,50.60000000000002,99.18136936724297,3.7037037037037033,240880,238799,Korea Probe Solutions,Korea,Tier 1,92.8,50.84234365320981,11,C
S004,2024-10,38,24,63.1578947368421,39.5945945945946,14.285694980681937,54.8,99.14623495400265,5.263157894736842,343951,340869,Korea Probe Solutions,Korea,Tier 1,92.8,51.62357359532757,13,C
S004,2024-11,28,18,64.28571428571429,34.17857142857143,11.388927603495947,53.3,99.74287132926656,3.571428571428571,271950,271660,Korea Probe Solutions,Korea,Tier 1,92.8,53.00221873522364,11,C
S004,2024-12,35,23,65.71428571428571,38.088235294117645,11.498004166886828,54.5,99.41718914195978,2.857142857142857,323120,320652,Korea Probe Solutions,Korea,Tier 1,92.8,53.52555590921056,10,C
S004,2025-01,31,23,74.19354838709677,37.758620689655174,10.659185081467777,52.0,98.37188393502527,9.67741935483871,315730,310562,Korea Probe Solutions,Korea,Tier 1,92.8,56.08940558356886,8,C
S004,2025-02,21,16,76.19047619047619,41.142857142857146,11.13232102611901,57.0,99.64285714285714,4.761904761904762,199548,199545,Korea Probe Solutions,Korea,Tier 1,92.8,57.66639293763335,9,C
S004,2025-03,31,23,74.19354838709677,38.3448275862069,14.013452368729142,54.599999999999994,100.0,0.0,334259,334259,Korea Probe Solutions,Korea,Tier 1,92.8,56.87472888109288,7,C
S004,2025-04,40,26,65.0,42.35,15.358201684258447,62.100000000000016,99.13428641251222,5.0,434585,431226,Korea Probe Solutions,Korea,Tier 1,92.8,52.16864558690198,9,C
S004,2025-05,35,23,65.71428571428571,42.88235294117647,15.967324031287854,57.0,98.85160290466163,5.714285714285714,361830,360598,Korea Probe Solutions,Korea,Tier 1,92.8,52.17630177942663,11,C
S004,2025-06,36,22,61.111111111111114,39.114285714285714,12.872157432800062,54.20000000000001,99.55161854768154,2.7777777777777777,294225,294184,Korea Probe Solutions,Korea,Tier 1,92.8,51.45772074441112,11,C
S004,2025-07,34,26,76.47058823529412,38.24242424242424,13.100644790978569,52.8,98.64240286259732,8.823529411764707,309999,298269,Korea Probe Solutions,Korea,Tier 1,92.8,56.678474253524655,10,C
S004,2025-08,21,11,52.38095238095239,35.42857142857143,13.032925337664713,52.0,98.80979043353064,4.761904761904762,183487,181255,Korea Probe Solutions,Korea,Tier 1,92.8,47.51254253871673,12,C
S005,2024-02,15,9,60.0,35.785714285714285,10.408417979460896,49.70000000000001,98.03615042663333,13.333333333333334,210254,207717,Silicon Precision Works,Singapore,Tier 1,92.33,49.995828198764485,11,C
S005,2024-03,35,19,54.285714285714285,40.39393939393939,14.628609370723252,52.8,99.28573989745061,2.857142857142857,308340,301368,Silicon Precision Works,Singapore,Tier 1,92.33,48.288571523661965,16,C
S005,2024-04,37,19,51.35135135135135,37.945945945945944,10.046961801531916,47.4,100.0,0.0,324809,324809,Silicon Precision Works,Singapore,Tier 1,92.33,48.531148180234155,14,C
S005,2024-05,27,19,70.37037037037037,32.84615384615385,10.902081664314599,42.5,98.72854608092035,7.4074074074074066,376646,372237,Silicon Precision Works,Singapore,Tier 1,92.33,54.845554898820595,10,C
S005,2024-06,32,23,71.875,36.03125,11.17452279416975,50.7,99.62823843610333,3.125,390535,387261,Silicon Precision Works,Singapore,Tier 1,92.33,56.09106697199705,10,C
S005,2024-07,31,21,67.74193548387096,37.16129032258065,12.649365660494729,52.0,100.0,0.0,229478,229478,Silicon Precision Works,Singapore,Tier 1,92.33,54.566901061449435,11,C
S005,2024-08,27,20,74.07407407407408,38.148148148148145,11.01992497427938,52.400000000000006,98.1764504279325,11.11111111111111,208689,205846,Silicon Precision Works,Singapore,Tier 1,92.33,55.767468652042396,10,C
S005,2024-09,29,14,48.275862068965516,40.172413793103445,14.377733194862815,59.4,99.28680377306142,6.896551724137931,234651,233686,Silicon Precision Works,Singapore,Tier 1,92.33,45.53118414811827,14,C
S005,2024-10,35,26,74.28571428571429,39.57142857142857,12.932598379302442,56.800000000000004,99.36465108809122,2.857142857142857,360515,358537,Silicon Precision Works,Singapore,Tier 1,92.33,56.651447079138315,9,C
S005,2024-11,26,14,53.84615384615385,35.57692307692308,8.405584224421652,46.0,98.35251696237954,7.6923076923076925,284589,279246,Silicon Precision Works,Singapore,Tier 1,92.33,48.593869013060306,13,C
S005,2024-12,35,24,68.57142857142857,41.3235294117647,14.721084833697782,62.5,100.0,0.0,314936,314936,Silicon Precision Works,Singapore,Tier 1,92.33,54.48435446183187,8,C
S005,2025-01,35,14,40.0,41.74285714285714,16.46090351523315,61.2,99.58821335322642,2.857142857142857,326012,325736,Silicon Precision Works,Singapore,Tier 1,92.33,42.29856901720701,14,C
S005,2025-02,37,18,48.64864864864865,37.16216216216216,10.673210267647566,51.8,99.68952002850308,2.7027027027027026,260926,260865,Silicon Precision Works,Singapore,Tier 1,92.33,46.9614031442106,14,C
S005,2025-03,32,20,62.5,40.15625,11.878713341316105,54.800000000000004,98.05685948394223,9.375,248866,246039,Silicon Precision Works,Singapore,Tier 1,92.33,51.10381517691945,12,C
S005,2025-04,30,21,70.0,40.1,13.306337613695781,60.0,99.26519909730658,10.0,208497,206785,Silicon Precision Works,Singapore,Tier 1,92.33,54.118292206452814,8,C
S005,2025-05,39,28,71.7948717948718,38.421052631578945,12.893810748524915,54.60000000000001,98.71659524302524,7.6923076923076925,355318,349300,Silicon Precision Works,Singapore,Tier 1,92.33,54.98493437192054,9,C
S005,2025-06,33,19,57.57575757575758,35.696969696969695,9.815436976024198,47.6,99.32759190985628,3.0303030303030303,262604,259819,Silicon Precision Works,Singapore,Tier 1,92.33,50.56246290502477,12,C
S005,2025-07,38,25,65.78947368421053,40.45945945945946,13.891633362476764,58.8,100.0,0.0,316961,316961,Silicon Precision Works,Singapore,Tier 1,92.33,53.537462801188866,11,C
S005,2025-08,19,8,42.10526315789473,34.55555555555556,12.724326965778038,52.6,100.0,0.0,212522,212522,Silicon Precision Works,Singapore,Tier 1,92.33,44.29723987000228,15,C
S006,2024-02,6,4,66.66666666666666,37.2,12.93058390019569,47.8,100.0,0.0,36581,36581,Tokyo Wafertech,Korea,Tier 2,95.33,54.08054988662752,9,C
S006,2024-03,14,12,85.71428571428571,41.642857142857146,16.246216803907316,62.800000000000004,99.38279130726325,7.142857142857142,82786,81571,Tokyo Wafertech,Korea,Tier 2,95.33,60.137022602826086,8,C
S006,2024-04,17,14,82.35294117647058,36.470588235294116,16.210018688525714,57.4,98.52848277655978,5.88235294117647,164378,163586,Tokyo Wafertech,Korea,Tier 2,95.33,58.66948227173338,6,B
S006,2024-05,17,16,94.11764705882352,38.94117647058823,15.126427983149616,53.400000000000006,100.0,0.0,128502,128502,Tokyo Wafertech,Korea,Tier 2,95.33,64.62177322689949,1,A
S006,2024-06,13,11,84.61538461538461,43.61538461538461,11.558102940783302,57.2,99.27462769100657,7.6923076923076925,134714,133376,Tokyo Wafertech,Korea,Tier 2,95.33,60.547690796068395,6,B
S006,2024-07,19,14,73.68421052631578,40.88235294117647,14.503802746784965,62.8,100.0,0.0,150633,150633,Tokyo Wafertech,Korea,Tier 2,95.33,56.57292366116932,10,C
S006,2024-08,17,15,88.23529411764706,37.64705882352941,15.471510820176015,56.800000000000004,99.24424476717863,5.88235294117647,128037,127386,Tokyo Wafertech,Korea,Tier 2,95.33,61.38485361905956,5,B
S006,2024-09,19,14,73.68421052631578,37.36842105263158,12.401659953032228,53.199999999999996,98.68369954011241,5.263157894736842,255097,254453,Tokyo Wafertech,Korea,Tier 2,95.33,56.07214629247991,8,C
S006,2024-10,20,20,100.0,37.5,13.960470509338334,49.100000000000016,100.0,0.0,225262,225262,Tokyo Wafertech,Korea,Tier 2,95.33,67.20790589813234,1,A
S006,2024-11,20,16,80.0,38.1,13.859824560293152,54.1,98.35943600594474,10.0,140537,139292,Tokyo Wafertech,Korea,Tier 2,95.33,57.73586588972479,6,B
S006,2024-12,15,11,73.33333333333333,39.142857142857146,13.190072857191577,53.800000000000004,98.33362670891275,6.666666666666667,155099,153679,Tokyo Wafertech,Korea,Tier 2,95.33,55.52874010790218,7,C
S006,2025-01,16,9,56.25,38.4375,10.813379058678496,51.0,99.16264090177134,6.25,169197,168781,Tokyo Wafertech,Korea,Tier 2,95.33,49.4611164587957,13,C
S006,2025-02,12,11,91.66666666666666,35.833333333333336,12.669457427812429,41.7,100.0,0.0,108874,108874,Tokyo Wafertech,Korea,Tier 2,95.33,64.13277518110417,1,A
S006,2025-03,22,16,72.72727272727273,35.72727272727273,12.3796369597582,54.10000000000002,98.86381213527386,4.545454545454546,224648,223032,Tokyo Wafertech,Korea,Tier 2,95.33,55.819579884994155,9,C
S006,2025-04,13,7,53.84615384615385,39.833333333333336,10.735102432786764,53.300000000000004,98.46634880660997,7.6923076923076925,134978,131726,Tokyo Wafertech,Korea,Tier 2,95.33,48.162114924656414,14,C
S006,2025-05,14,10,71.42857142857143,39.07692307692308,10.610227286770208,49.6,98.8406257444612,7.142857142857142,94678,94386,Tokyo Wafertech,Korea,Tier 2,95.33,55.38728512312718,8,C
S006,2025-06,23,21,91.30434782608695,40.08695652173913,13.68779497308812,56.8,100.0,0.0,272470,272470,Tokyo Wafertech,Korea,Tier 2,95.33,63.78418013581716,2,A
S006,2025-07,20,18,90.0,39.26315789473684,9.948992719886315,52.4,100.0,0.0,218090,218090,Tokyo Wafertech,Korea,Tier 2,95.33,64.01020145602274,2,A
S006,2025-08,7,5,71.42857142857143,36.714285714285715,17.442422287001747,55.400000000000006,100.0,0.0,82530,82530,Tokyo Wafertech,Korea,Tier 2,95.33,55.08294411402822,9,C
S007,2024-02,12,12,100.0,35.833333333333336,16.98573376440216,57.900000000000006,100.0,0.0,103891,103891,Globaltest Equipment,China,Tier 2,98.84,66.60285324711957,2,A
S007,2024-03,22,22,100.0,33.54545454545455,11.39643750822106,50.500000000000014,100.0,0.0,245653,245653,Globaltest Equipment,China,Tier 2,98.84,67.7207124983558,1,A
S007,2024-04,12,10,83.33333333333334,34.833333333333336,5.149286505444373,39.7,100.0,0.0,75252,75252,Globaltest Equipment,China,Tier 2,98.84,62.30347603224446,3,A
S007,2024-05,16,13,81.25,39.5,14.366627996854378,58.5,99.28279989839335,6.25,141274,139467,Globaltest Equipment,China,Tier 2,98.84,58.78651437014713,6,B
S007,2024-06,16,14,87.5,37.125,15.777093099385155,56.5,98.43869731800766,6.25,167769,167443,Globaltest Equipment,China,Tier 2,98.84,60.751190575525264,5,B
S007,2024-07,22,20,90.9090909090909,33.27272727272727,10.370203736722127,47.7,99.54479856809513,4.545454545454546,236927,234984,Globaltest Equipment,China,Tier 2,98.84,63.698489732175034,1,A
S007,2024-08,17,14,82.35294117647058,31.1875,10.425729390950703,43.0,99.26678886852191,5.88235294117647,131401,131357,Globaltest Equipment,China,Tier 2,98.84,60.04783195883702,7,C
S007,2024-09,22,17,77.27272727272727,43.42857142857143,13.793373150072568,57.0,100.0,0.0,178188,178188,Globaltest Equipment,China,Tier 2,98.84,58.150416279076396,6,B
S007,2024-10,17,13,76.47058823529412,39.8125,8.51836251870041,47.5,98.10840798186425,11.76470588235294,96684,95399,Globaltest Equipment,China,Tier 2,98.84,57.140614596701546,7,C
S007,2024-11,20,16,80.0,34.473684210526315,11.955326200543569,49.0,100.0,0.0,215151,215151,Globaltest Equipment,China,Tier 2,98.84,59.608934759891284,4,B
S007,2024-12,12,8,66.66666666666666,43.0,13.391539617733779,55.29999999999999,98.6116334461577,8.333333333333332,55972,55529,Globaltest Equipment,China,Tier 2,98.84,52.73851544363388,11,C
S007,2025-01,14,13,92.85714285714286,43.42857142857143,17.04615582972972,63.60000000000001,98.7849973586899,7.142857142857142,107351,106385,Globaltest Equipment,China,Tier 2,98.84,62.65483947023247,4,B
S007,2025-02,14,11,78.57142857142857,44.38461538461539,15.430156952855132,57.6,100.0,0.0,123019,123019,Globaltest Equipment,China,Tier 2,98.84,58.34254003800041,8,C
S007,2025-03,18,16,88.88888888888889,35.888888888888886,19.15229640320815,64.30000000000001,100.0,0.0,157956,157956,Globaltest Equipment,China,Tier 2,98.84,61.72509627491392,3,A
S007,2025-04,18,16,88.88888888888889,39.611111111111114,11.376647334569327,54.800000000000004,100.0,0.0,149561,149561,Globaltest Equipment,China,Tier 2,98.84,63.28022608864169,1,A
S007,2025-05,17,13,76.47058823529412,34.0,9.013878188659973,42.2,100.0,0.0,183755,183755,Globaltest Equipment,China,Tier 2,98.84,58.785459656385655,7,C
S007,2025-06,18,13,72.22222222222221,42.05882352941177,11.104450618081552,56.4,100.0,0.0,151459,151459,Globaltest Equipment,China,Tier 2,98.84,56.66799876527258,8,C
S007,2025-07,22,18,81.81818181818183,34.0,11.53940616915975,53.1,99.33813110597359,4.545454545454546,225360,223940,Globaltest Equipment,China,Tier 2,98.84,59.766285370687406,6,B
S007,2025-08,4,4,100.0,40.25,14.244882121894397,54.1,100.0,0.0,7852,7852,Globaltest Equipment,China,Tier 2,98.84,67.15102357562112,1,A
S008,2024-02,9,4,44.44444444444444,45.55555555555556,11.33700920780158,59.2,98.44180607204727,11.11111111111111,98959,90738,Micron Substrates Eu,Singapore,Tier 2,90.97,43.93180664672053,15,C
S008,2024-03,19,10,52.63157894736842,37.421052631578945,10.771958397584827,52.0,100.0,0.0,164541,164541,Micron Substrates Eu,Singapore,Tier 2,90.97,48.89823989943041,15,C
S008,2024-04,22,12,54.54545454545454,39.13636363636363,12.186235226858582,55.40000000000001,98.92424744561941,9.090909090909092,185508,184002,Micron Substrates Eu,Singapore,Tier 2,90.97,48.14911809740501,15,C
S008,2024-05,19,7,36.84210526315789,42.31578947368421,11.841793368212377,57.4,99.61204199402071,5.263157894736842,129085,128806,Micron Substrates Eu,Singapore,Tier 2,90.97,41.72578024035321,15,C
S008,2024-06,18,6,33.33333333333333,40.77777777777778,17.041663670357856,60.900000000000006,100.0,0.0,209599,209599,Micron Substrates Eu,Singapore,Tier 2,90.97,39.92500059926176,18,C
S008,2024-07,14,11,78.57142857142857,36.5,9.354143466934852,45.60000000000001,100.0,0.0,78801,78801,Micron Substrates Eu,Singapore,Tier 2,90.97,59.55774273518446,7,C
S008,2024-08,24,13,54.166666666666664,32.30434782608695,10.666151996806173,46.6,99.10251075045083,4.166666666666666,281532,278944,Micron Substrates Eu,Singapore,Tier 2,90.97,48.84752282577402,14,C
S008,2024-09,20,8,40.0,38.9,10.417091219418413,51.1,98.79192760863155,10.0,136748,135575,Micron Substrates Eu,Singapore,Tier 2,90.97,42.55416003870578,16,C
S008,2024-10,20,11,55.00000000000001,37.7,9.414993641163965,44.70000000000001,99.28097151843438,5.0,135651,134005,Micron Substrates Eu,Singapore,Tier 2,90.97,49.40129272729753,14,C
S008,2024-11,13,5,38.46153846153847,36.07692307692308,12.439597651997824,50.800000000000004,100.0,0.0,150805,150805,Micron Substrates Eu,Singapore,Tier 2,90.97,42.89669585421582,14,C
S008,2024-12,18,7,38.88888888888889,35.0,10.058651529317203,47.5,99.21870749409678,5.555555555555555,212118,210682,Micron Substrates Eu,Singapore,Tier 2,90.97,42.753881942365595,17,C
S008,2025-01,21,12,57.14285714285714,42.0,12.859565352399418,54.2,100.0,0.0,185430,185430,Micron Substrates Eu,Singapore,Tier 2,90.97,50.28522978666298,12,C
S008,2025-02,17,8,47.05882352941176,38.23529411764706,8.792961757598416,51.2,98.52941176470588,5.88235294117647,157665,153292,Micron Substrates Eu,Singapore,Tier 2,90.97,46.035525295539145,15,C
S008,2025-03,19,9,47.368421052631575,39.0,9.779931432455415,52.3,99.65627988380274,5.263157894736842,186706,186325,Micron Substrates Eu,Singapore,Tier 2,90.97,46.36195031022868,15,C
S008,2025-04,24,14,58.333333333333336,42.0,11.635776912085676,54.7,100.0,0.0,270838,270838,Micron Substrates Eu,Singapore,Tier 2,90.97,51.006177950916204,11,C
S008,2025-05,9,5,55.55555555555556,33.44444444444444,7.763876465901411,41.4,98.93997773782002,11.11111111111111,91189,89332,Micron Substrates Eu,Singapore,Tier 2,90.97,49.24032913927683,13,C
S008,2025-06,21,13,61.904761904761905,40.76190476190476,13.080155816750661,52.0,99.38686762282904,4.761904761904762,164149,163922,Micron Substrates Eu,Singapore,Tier 2,90.97,51.485743409212866,10,C
S008,2025-07,21,12,57.14285714285714,34.0,9.119095061289915,44.1,99.81192268247936,4.761904761904762,282864,282334,Micron Substrates Eu,Singapore,Tier 2,90.97,50.5007101734382,12,C
S008,2025-08,14,6,42.857142857142854,35.357142857142854,12.074175511632845,46.60000000000001,100.0,0.0,162428,162428,Micron Substrates Eu,Singapore,Tier 2,90.97,44.72802204053057,13,C
S009,2024-02,15,3,20.0,40.86666666666667,16.749697936153385,54.2,99.65232304334269,6.666666666666667,216255,216032,United Semiconductor Parts,United States,Tier 1,86.8,33.879090659105465,19,C
S009,2024-03,29,7,24.137931034482758,38.7037037037037,12.180737677594506,50.400000000000006,100.0,0.0,309468,309468,United Semiconductor Parts,United States,Tier 1,86.8,37.219024878274205,20,C
S009,2024-04,33,5,15.151515151515152,37.45454545454545,10.914700262406742,54.0,98.98251283951586,6.0606060606060606,346213,338662,United Semiconductor Parts,United States,Tier 1,86.8,32.96635925391886,20,C
S009,2024-05,33,9,27.27272727272727,35.0625,10.035220234817485,43.900000000000006,98.05097639374914,9.090909090909092,396322,382280,United Semiconductor Parts,United States,Tier 1,86.8,37.40824887116124,17,C
S009,2024-06,32,7,21.875,36.96875,12.473156661277613,53.900000000000006,99.66197351627312,3.125,312305,311627,United Semiconductor Parts,United States,Tier 1,86.8,35.84146072262641,20,C
S009,2024-07,36,4,11.11111111111111,40.05555555555556,13.532911088885587,55.0,98.6702251259564,8.333333333333332,309842,304638,United Semiconductor Parts,United States,Tier 1,86.8,30.505596431120914,19,C
S009,2024-08,32,9,28.125,37.733333333333334,7.9997126385171216,46.50000000000001,100.0,0.0,375043,375043,United Semiconductor Parts,United States,Tier 1,86.8,39.650057472296574,18,C
S009,2024-09,39,9,23.076923076923077,35.97435897435897,9.178026331484917,48.400000000000006,99.41718335620223,5.128205128205128,438767,432567,United Semiconductor Parts,United States,Tier 1,86.8,36.70749845851241,19,C
S009,2024-10,29,9,31.03448275862069,41.7037037037037,15.086455501579541,61.2,99.45141065830721,3.4482758620689653,331398,331391,United Semiconductor Parts,United States,Tier 1,86.8,38.887097614417634,17,C
S009,2024-11,29,6,20.689655172413794,43.666666666666664,12.247448713915889,53.800000000000004,99.6739581324195,3.4482758620689653,228971,227737,United Semiconductor Parts,United States,Tier 1,86.8,35.38373217970129,20,C
S009,2024-12,29,3,10.344827586206897,37.3448275862069,12.390306874064803,54.199999999999996,99.4706041235257,3.4482758620689653,303671,303377,United Semiconductor Parts,United States,Tier 1,86.8,31.156223310520616,20,C
S009,2025-01,36,7,19.444444444444446,36.44444444444444,9.866087499089115,49.5,99.08099353177077,5.555555555555555,417457,410273,United Semiconductor Parts,United States,Tier 1,86.8,34.97330278193563,20,C
S009,2025-02,29,7,24.137931034482758,37.89655172413793,17.374745275802315,55.39999999999999,100.0,0.0,323301,323301,United Semiconductor Parts,United States,Tier 1,86.8,36.18022335863264,20,C
S009,2025-03,27,10,37.03703703703704,42.07692307692308,17.28796824828893,60.0,98.34975758280066,14.814814814814813,252226,251490,United Semiconductor Parts,United States,Tier 1,86.8,39.38066695851575,18,C
S009,2025-04,33,4,12.121212121212121,39.39393939393939,11.14096998116466,54.0,98.53056043403332,12.121212121212121,261847,259619,United Semiconductor Parts,United States,Tier 1,86.8,30.9673377703407,20,C
S009,2025-05,21,1,4.761904761904762,34.80952380952381,10.72202894800722,47.0,100.0,0.0,262364,262364,United Semiconductor Parts,United States,Tier 1,86.8,29.760356115160462,20,C
S009,2025-06,30,6,20.0,41.3,12.638610792275417,57.2,99.23862278892747,10.0,279760,278681,United Semiconductor Parts,United States,Tier 1,86.8,34.243864678223154,20,C
S009,2025-07,29,6,20.689655172413794,43.0,12.569805089976535,54.4,99.7920394641389,3.4482758620689653,262498,262326,United Semiconductor Parts,United States,Tier 1,86.8,35.35468530400498,20,C
S009,2025-08,15,2,13.333333333333334,36.53333333333333,12.188206633971257,53.4,100.0,0.0,163047,163047,United Semiconductor Parts,United States,Tier 1,86.8,32.895692006539086,20,C
S010,2024-02,17,15,88.23529411764706,43.588235294117645,11.737007835951054,59.0,100.0,0.0,91440,91440,Shenzhen Bonding Supplies,Germany,Tier 1,97.72,62.946716079868615,4,B
S010,2024-03,24,21,87.5,34.56521739130435,9.930788154002874,42.0,98.24128593294832,12.5,259789,256698,Shenzhen Bonding Supplies,Germany,Tier 1,97.72,61.236228149083914,5,B
S010,2024-04,26,23,88.46153846153845,36.65384615384615,12.412710607090807,54.0,98.29584284250063,7.6923076923076925,222424,220429,Shenzhen Bonding Supplies,Germany,Tier 1,97.72,61.62159534671663,4,B
S010,2024-05,29,24,82.75862068965517,38.03703703703704,8.30885293148441,46.800000000000004,98.72585510815026,6.896551724137931,184998,183336,Shenzhen Bonding Supplies,Germany,Tier 1,97.72,60.369779049596474,3,A
S010,2024-06,22,19,86.36363636363636,37.36363636363637,10.01211387482305,49.0,99.90856844305121,4.545454545454546,241275,241233,Shenzhen Bonding Supplies,Germany,Tier 1,97.72,62.06105684885984,2,A
S010,2024-07,43,39,90.69767441860465,36.83720930232558,9.63853929003901,51.0,99.34556276563353,6.976744186046512,377071,375085,Shenzhen Bonding Supplies,Germany,Tier 1,97.72,63.45735632051947,3,A
S010,2024-08,31,28,90.32258064516128,39.354838709677416,12.403086677911471,58.0,99.04104801643615,6.451612903225806,234854,230481,Shenzhen Bonding Supplies,Germany,Tier 1,97.72,62.71556803709049,4,B
S010,2024-09,21,18,85.71428571428571,42.666666666666664,10.130811089608441,57.0,100.0,0.0,130653,130653,Shenzhen Bonding Supplies,Germany,Tier 1,97.72,62.25955206779259,3,A
S010,2024-10,31,25,80.64516129032258,34.4,10.890046071907863,49.300000000000004,99.58634363432776,3.225806451612903,243113,242533,Shenzhen Bonding Supplies,Germany,Tier 1,97.72,59.6333777468845,5,B
S010,2024-11,37,33,89.1891891891892,35.5945945945946,12.166574108002857,50.199999999999996,98.84177167084087,5.405405405405405,470557,464937,Shenzhen Bonding Supplies,Germany,Tier 1,97.72,62.35435181478681,2,A
S010,2024-12,32,26,81.25,38.75,11.667434690542068,55.7,100.0,0.0,313439,313439,Shenzhen Bonding Supplies,Germany,Tier 1,97.72,60.166513061891585,3,A
S010,2025-01,35,33,94.28571428571428,37.371428571428574,12.863733138249597,54.2,99.58675451093202,5.714285714285714,366829,364678,Shenzhen Bonding Supplies,Germany,Tier 1,97.72,64.44613686848683,1,A
S010,2025-02,37,32,86.48648648648648,36.888888888888886,9.114439964858832,49.5,99.52319546161668,5.405405405405405,435383,435089,Shenzhen Bonding Supplies,Germany,Tier 1,97.72,62.0881246995673,3,A
S010,2025-03,31,28,90.32258064516128,43.29032258064516,17.173998851727568,74.0,99.32163187855787,3.225806451612903,306376,305661,Shenzhen Bonding Supplies,Germany,Tier 1,97.72,62.168141406125066,2,A
S010,2025-04,28,23,82.14285714285714,37.583333333333336,12.268434812706273,52.4,100.0,0.0,237115,237115,Shenzhen Bonding Supplies,Germany,Tier 1,97.72,60.4034558946016,5,B
S010,2025-05,32,27,84.375,38.645161290322584,14.337708759530521,53.0,99.81194870957204,3.125,300818,299897,Shenzhen Bonding Supplies,Germany,Tier 1,97.72,60.51354286096551,4,B
S010,2025-06,30,24,80.0,38.46666666666667,9.63733162859618,49.300000000000004,98.35198703434264,10.0,235238,229602,Shenzhen Bonding Supplies,Germany,Tier 1,97.72,58.57812978458355,6,B
S010,2025-07,25,24,96.0,36.28,11.663761543058628,51.2,98.32621528257513,8.0,292173,287120,Shenzhen Bonding Supplies,Germany,Tier 1,97.72,64.76511227616082,1,A
S010,2025-08,11,8,72.72727272727273,32.18181818181818,7.717748140723197,40.0,99.21821148426389,9.090909090909092,109289,108393,Shenzhen Bonding Supplies,Germany,Tier 1,97.72,56.403731998952715,7,C
S011,2024-02,13,9,69.23076923076923,36.53846153846154,11.573067762520768,54.800000000000004,100.0,0.0,117718,117718,Ase Materials Division,Japan,Tier 1,92.23,55.37769413980354,8,C
S011,2024-03,34,21,61.76470588235294,39.93939393939394,13.576034477019132,57.0,98.9310071854829,5.88235294117647,273884,272737,Ase Materials Division,Japan,Tier 1,92.23,51.08174231906458,12,C
S011,2024-04,36,26,72.22222222222221,37.48571428571429,13.16271791299741,58.60000000000002,99.9443995147594,2.7777777777777777,385070,384971,Ase Materials Division,Japan,Tier 1,92.23,55.961887382939445,10,C
S011,2024-05,36,21,58.333333333333336,37.65714285714286,13.193008079466713,56.6,99.49294532627866,2.7777777777777777,393829,393783,Ase Materials Division,Japan,Tier 1,92.23,50.26483753754581,13,C
S011,2024-06,34,22,64.70588235294117,40.73529411764706,11.667901640772955,56.0,99.90237401599207,2.941176470588235,267309,267246,Ase Materials Division,Japan,Tier 1,92.23,53.22536717076067,11,C
S011,2024-07,47,30,63.829787234042556,37.361702127659576,12.483773001145359,52.599999999999994,99.19751970442827,4.25531914893617,325450,323992,Ase Materials Division,Japan,Tier 1,92.23,52.368884289822816,12,C
S011,2024-08,45,26,57.77777777777777,41.577777777777776,13.89324376170742,62.400000000000006,100.0,0.0,434166,434166,Ase Materials Division,Japan,Tier 1,92.23,50.33246235876963,13,C
S011,2024-09,27,16,59.25925925925925,35.38461538461539,12.921538369952467,49.0,99.48608291604637,3.7037037037037033,233226,230378,Ase Materials Division,Japan,Tier 1,92.23,50.59485053415674,12,C
S011,2024-10,27,17,62.96296296296296,38.03703703703704,10.207393555207089,49.000000000000014,99.22469643651924,7.4074074074074066,266016,265571,Ase Materials Division,Japan,Tier 1,92.23,52.170374664358796,12,C
S011,2024-11,27,17,62.96296296296296,38.69230769230769,11.530027686937203,55.5,98.9890623463885,7.4074074074074066,246670,243531,Ase Materials Division,Japan,Tier 1,92.23,51.83515761097355,12,C
S011,2024-12,30,15,50.0,38.82142857142857,12.000165342776251,55.400000000000006,98.9685617232409,6.666666666666667,333379,332567,Ase Materials Division,Japan,Tier 1,92.23,46.623868781750346,13,C
S011,2025-01,40,25,62.5,39.375,14.264331524686103,55.400000000000006,99.0554501191403,7.5,356214,353811,Ase Materials Division,Japan,Tier 1,92.23,51.113768730804864,11,C
S011,2025-02,29,22,75.86206896551724,42.285714285714285,12.406262286254627,55.2,99.09828458963578,6.896551724137931,172370,170437,Ase Materials Division,Japan,Tier 1,92.23,56.90340533343291,10,C
S011,2025-03,23,12,52.17391304347826,39.0,9.390517460812168,53.6,100.0,0.0,178333,178333,Ase Materials Division,Japan,Tier 1,92.23,48.99146172522887,13,C
S011,2025-04,29,20,68.96551724137932,38.03448275862069,10.638483909913003,52.4,99.93091288944404,3.4482758620689653,181353,181228,Ase Materials Division,Japan,Tier 1,92.23,55.09295639519544,7,C
S011,2025-05,38,26,68.42105263157895,36.8421052631579,11.388771890674139,49.90000000000001,98.87895661486758,7.894736842105263,323490,314637,Ase Materials Division,Japan,Tier 1,92.23,53.96487997474649,10,C
S011,2025-06,31,16,51.61290322580645,37.516129032258064,13.308821554998612,52.0,98.84290813705955,6.451612903225806,297856,293918,Ase Materials Division,Japan,Tier 1,92.23,46.991108130118135,14,C
S011,2025-07,30,18,60.0,40.03333333333333,12.742768965948502,59.0,98.63208692787623,6.666666666666667,206935,201911,Ase Materials Division,Japan,Tier 1,92.23,50.3744056185065,13,C
S011,2025-08,14,9,64.28571428571429,38.642857142857146,11.215423054246072,52.400000000000006,99.40564899581294,7.142857142857142,143462,143127,Ase Materials Division,Japan,Tier 1,92.23,52.57861008789467,11,C
S012,2024-02,15,3,20.0,41.142857142857146,10.309496315810694,49.900000000000006,98.33333333333333,6.666666666666667,124407,120489,Spil Components Ltd.,Singapore,Tier 1,88.81,34.771434070171196,18,C
S012,2024-03,31,12,38.70967741935484,35.89655172413793,13.699178358015823,55.2,99.83831142970926,3.225806451612903,328860,328657,Spil Components Ltd.,Singapore,Tier 1,88.81,42.37294807989026,17,C
S012,2024-04,25,6,24.0,39.2,12.569805089976533,54.6,99.46993865030674,4.0,210310,210202,Spil Components Ltd.,Singapore,Tier 1,88.81,36.52702057709672,19,C
S012,2024-05,34,10,29.411764705882355,36.75,13.438029809510407,52.800000000000004,98.19546127380382,8.823529411764707,353488,352148,Spil Components Ltd.,Singapore,Tier 1,88.81,37.65338536141554,16,C
S012,2024-06,29,11,37.93103448275862,37.48275862068966,13.973497081606133,57.0,98.59815599692044,6.896551724137931,306538,297857,Spil Components Ltd.,Singapore,Tier 1,88.81,41.26750600344456,15,C
S012,2024-07,44,10,22.727272727272727,37.69767441860465,11.027098404603372,50.800000000000004,100.0,0.0,391460,391460,Spil Components Ltd.,Singapore,Tier 1,88.81,36.885489409988416,18,C
S012,2024-08,42,10,23.809523809523807,42.23809523809524,13.634263731602951,57.8,98.4342471900296,9.523809523809524,441515,429907,Spil Components Ltd.,Singapore,Tier 1,88.81,35.374849982116864,20,C
S012,2024-09,40,12,30.0,38.87179487179487,14.14805079968613,60.0,98.26538679936749,7.5,360659,359909,Spil Components Ltd.,Singapore,Tier 1,88.81,37.90000587987302,18,C
S012,2024-10,29,3,10.344827586206897,40.275862068965516,12.244230570599766,62.0,99.6392026971077,3.4482758620689653,217686,217503,Spil Components Ltd.,Singapore,Tier 1,88.81,31.23601814328822,20,C
S012,2024-11,22,6,27.27272727272727,37.90909090909091,10.40104889815533,48.900000000000006,99.11697922798756,4.545454545454546,230372,229952,Spil Components Ltd.,Singapore,Tier 1,88.81,38.10942944331065,17,C
S012,2024-12,44,15,34.090909090909086,37.642857142857146,13.17762595401661,54.9,99.19109957948345,4.545454545454546,462075,458856,Spil Components Ltd.,Singapore,Tier 1,88.81,40.303622864859896,18,C
S012,2025-01,38,11,28.947368421052634,36.432432432432435,11.071837498156555,48.199999999999996,99.36207331427612,2.631578947368421,317651,317044,Spil Components Ltd.,Singapore,Tier 1,88.81,38.910043968335735,16,C
S012,2025-02,31,14,45.16129032258064,43.32258064516129,15.009745937832513,56.0,99.71813341684937,3.225806451612903,213563,213554,Spil Components Ltd.,Singapore,Tier 1,88.81,44.65542632135927,17,C
S012,2025-03,24,7,29.166666666666668,42.708333333333336,14.134383506239292,58.5,98.95854797719625,4.166666666666666,157124,155911,Spil Components Ltd.,Singapore,Tier 1,88.81,38.11068769191101,19,C
S012,2025-04,34,10,29.411764705882355,39.23529411764706,14.240486081951955,55.4,98.52925353485486,5.88235294117647,287377,282544,Spil Components Ltd.,Singapore,Tier 1,88.81,37.88714943230136,17,C
S012,2025-05,39,16,41.02564102564102,41.02564102564103,14.849219684420031,61.2,99.67062842006203,2.564102564102564,398060,397493,Spil Components Ltd.,Singapore,Tier 1,88.81,43.08519074298076,15,C
S012,2025-06,36,17,47.22222222222222,36.885714285714286,10.125016858581255,50.2,100.0,0.0,458647,458647,Spil Components Ltd.,Singapore,Tier 1,88.81,46.86388551717263,15,C
S012,2025-07,29,7,24.137931034482758,36.75,10.27987966495357,50.900000000000006,99.51249236619928,6.896551724137931,275763,273516,Spil Components Ltd.,Singapore,Tier 1,88.81,36.76328901824838,19,C
S012,2025-08,17,5,29.411764705882355,39.8235294117647,11.614835847514415,52.2,99.00083152275957,5.88235294117647,160999,160254,Spil Components Ltd.,Singapore,Tier 1,88.81,38.553752875560285,16,C
S013,2024-02,7,3,42.857142857142854,34.0,13.535139452550904,47.0,100.0,0.0,69973,69973,Hanwa Leadframes,Malaysia,Tier 1,92.64,44.435829252346956,14,C
S013,2024-03,26,20,76.92307692307693,41.11538461538461,10.167898201996017,54.5,100.0,0.0,200649,200649,Hanwa Leadframes,Malaysia,Tier 1,92.64,58.73565112883157,9,C
S013,2024-04,29,20,68.96551724137932,36.714285714285715,9.770921116808768,47.900000000000006,99.42190669371197,3.4482758620689653,319102,319045,Hanwa Leadframes,Malaysia,Tier 1,92.64,55.11376709509666,11,C
S013,2024-05,34,20,58.82352941176471,39.03125,10.538667281232298,51.0,98.92450544258095,5.88235294117647,350106,347849,Hanwa Leadframes,Malaysia,Tier 1,92.64,50.510794647116064,12,C
S013,2024-06,46,23,50.0,39.71111111111111,11.238372217586058,52.0,100.0,0.0,389661,389661,Hanwa Leadframes,Malaysia,Tier 1,92.64,47.75232555648279,13,C
S013,2024-07,29,15,51.724137931034484,40.206896551724135,12.410765230075828,53.19999999999999,99.36557949785384,10.344827586206897,224920,222179,Hanwa Leadframes,Malaysia,Tier 1,92.64,46.98269321713409,14,C
S013,2024-08,30,21,70.0,37.03448275862069,11.727509657153163,49.599999999999994,100.0,0.0,324120,324120,Hanwa Leadframes,Malaysia,Tier 1,92.64,55.65449806856937,11,C
S013,2024-09,26,19,73.07692307692307,38.2,12.5233115961128,56.6,99.40748530444516,7.6923076923076925,307203,305930,Hanwa Leadframes,Malaysia,Tier 1,92.64,55.77912173364945,9,C
S013,2024-10,42,31,73.80952380952381,39.23809523809524,9.529951561849424,50.0,98.8890384306966,7.142857142857142,478019,466545,Hanwa Leadframes,Malaysia,Tier 1,92.64,56.5702450263629,10,C
S013,2024-11,23,16,69.56521739130434,37.130434782608695,11.246431142310666,53.8,99.36433237339327,4.3478260869565215,305533,305171,Hanwa Leadframes,Malaysia,Tier 1,92.64,54.951317831381935,9,C
S013,2024-12,31,19,61.29032258064516,38.45161290322581,11.92151754791148,54.0,98.09246301728739,9.67741935483871,239461,233408,Hanwa Leadframes,Malaysia,Tier 1,92.64,50.591822492378114,12,C
S013,2025-01,39,24,61.53846153846154,37.02564102564103,10.76663261506337,52.2,99.3063301984642,5.128205128205128,422217,418758,Hanwa Leadframes,Malaysia,Tier 1,92.64,51.74113663909069,10,C
S013,2025-02,35,20,57.14285714285714,41.57142857142857,13.054829429317389,61.6,99.28810501836517,5.714285714285714,331477,331000,Hanwa Leadframes,Malaysia,Tier 1,92.64,49.46117990536036,12,C
S013,2025-03,33,24,72.72727272727273,35.16129032258065,12.404560382358172,52.0,98.17243107100151,12.121212121212121,371120,363488,Hanwa Leadframes,Malaysia,Tier 1,92.64,54.8496051236167,10,C
S013,2025-04,32,18,56.25,32.70967741935484,11.576394223842176,51.0,100.0,0.0,410849,410849,Hanwa Leadframes,Malaysia,Tier 1,92.64,50.184721155231564,13,C
S013,2025-05,21,9,42.857142857142854,34.666666666666664,13.413923114932981,56.0,98.56158633631922,9.523809523809524,345539,342970,Hanwa Leadframes,Malaysia,Tier 1,92.64,43.076167468385364,16,C
S013,2025-06,37,21,56.75675675675676,34.166666666666664,12.399308736492413,52.5,99.5243917841822,5.405405405405405,389103,383309,Hanwa Leadframes,Malaysia,Tier 1,92.64,49.539617950118334,13,C
S013,2025-07,40,18,45.0,36.07692307692308,10.824885110328973,52.0,99.95000340885849,2.5,424128,423248,Hanwa Leadframes,Malaysia,Tier 1,92.64,45.57002400059175,15,C
S013,2025-08,14,10,71.42857142857143,43.714285714285715,16.638364247580494,64.20000000000002,97.32806251119287,14.285714285714285,127589,125294,Hanwa Leadframes,Malaysia,Tier 1,92.64,53.013603046698904,10,C
S014,2024-02,1,0,0.0,31.0,,31.0,100.0,0.0,2975,2975,Hitachi Bonding Wires,Germany,Tier 2,88.2,,0,A
S014,2024-03,24,7,29.166666666666668,42.166666666666664,15.460093555784944,54.4,98.43434468712252,8.333333333333332,219902,216150,Hitachi Bonding Wires,Germany,Tier 2,88.2,37.2716180283131,19,C
S014,2024-04,9,2,22.22222222222222,33.666666666666664,9.027735042633894,44.2,100.0,0.0,162734,162734,Hitachi Bonding Wires,Germany,Tier 2,88.2,37.083341880362106,18,C
S014,2024-05,31,7,22.58064516129032,38.2,12.42466956474511,57.1,98.60519438695596,9.67741935483871,283807,283329,Hitachi Bonding Wires,Germany,Tier 2,88.2,35.161140532170016,19,C
S014,2024-06,14,5,35.714285714285715,35.285714285714285,9.980200178573353,50.60000000000001,97.38261736219911,14.285714285714285,171623,164547,Hitachi Bonding Wires,Germany,Tier 2,88.2,40.07588803008792,17,C
S014,2024-07,16,6,37.5,39.0,16.504544828622205,58.5,99.24661492734478,6.25,162965,162600,Hitachi Bonding Wires,Germany,Tier 2,88.2,40.84807551247899,17,C
S014,2024-08,22,12,54.54545454545454,42.31818181818182,16.060559094924386,60.900000000000006,100.0,0.0,153286,153286,Hitachi Bonding Wires,Germany,Tier 2,88.2,48.60606999919693,15,C
S014,2024-09,13,4,30.76923076923077,42.61538461538461,12.14179051553258,60.400000000000006,100.0,0.0,112087,112087,Hitachi Bonding Wires,Germany,Tier 2,88.2,39.87933420458579,17,C
S014,2024-10,19,5,26.31578947368421,40.421052631578945,11.166993972684184,52.0,99.26864363935005,5.263157894736842,199451,196254,Hitachi Bonding Wires,Germany,Tier 2,88.2,37.54719429726818,18,C
S014,2024-11,10,3,30.0,43.2,8.443274772793366,54.4,97.55351271556061,10.0,62825,59179,Hitachi Bonding Wires,Germany,Tier 2,88.2,38.57739886010951,16,C
S014,2024-12,17,5,29.411764705882355,42.411764705882355,15.3462488231221,62.60000000000001,98.53025066272946,5.88235294117647,148339,147463,Hitachi Bonding Wires,Germany,Tier 2,88.2,37.666296022429705,19,C
S014,2025-01,13,4,30.76923076923077,38.666666666666664,19.905838948469974,60.60000000000001,100.0,0.0,111993,111993,Hitachi Bonding Wires,Germany,Tier 2,88.2,38.32652451799831,18,C
S014,2025-02,13,4,30.76923076923077,33.23076923076923,7.406684437653216,41.6,98.07692307692307,7.6923076923076925,166513,161979,Hitachi Bonding Wires,Germany,Tier 2,88.2,39.480201574007815,18,C
S014,2025-03,13,5,38.46153846153847,37.46153846153846,15.703584434853214,51.6,100.0,0.0,176252,176252,Hitachi Bonding Wires,Germany,Tier 2,88.2,42.24389849764474,17,C
S014,2025-04,16,3,18.75,43.6,17.69503562342517,63.199999999999996,99.27217008235971,6.25,130811,128987,Hitachi Bonding Wires,Germany,Tier 2,88.2,33.11764390002288,19,C
S014,2025-05,23,4,17.391304347826086,38.95238095238095,15.894892860526586,56.0,99.65130493890422,8.695652173913043,269586,268882,Hitachi Bonding Wires,Germany,Tier 2,88.2,32.80336943130508,19,C
S014,2025-06,16,4,25.0,38.5,10.825894882179488,50.0,98.77334716869257,6.25,168400,166414,Hitachi Bonding Wires,Germany,Tier 2,88.2,36.84182517417187,19,C
S014,2025-07,16,6,37.5,32.3125,10.37123425634577,42.0,99.59265906531532,6.25,210923,209534,Hitachi Bonding Wires,Germany,Tier 2,88.2,42.178550868325445,17,C
S014,2025-08,13,2,15.384615384615385,44.15384615384615,10.76913919374984,58.60000000000001,100.0,0.0,90450,90450,Hitachi Bonding Wires,Germany,Tier 2,88.2,34.000018315096185,19,C
S015,2024-02,8,8,100.0,36.75,16.833215463990914,49.69999999999999,100.0,0.0,74242,74242,K&S Precision Tools,Korea,Tier 1,98.2,66.63335690720182,1,A
S015,2024-03,26,19,73.07692307692307,35.708333333333336,10.98805346003466,50.8,99.53113299460018,7.6923076923076925,227671,224144,K&S Precision Tools,Korea,Tier 1,98.2,56.123267667911584,10,C
S015,2024-04,36,29,80.55555555555556,40.19444444444444,15.086075783307018,61.5,99.1979642263544,8.333333333333332,358026,356285,K&S Precision Tools,Korea,Tier 1,98.2,58.13106300013381,8,C
S015,2024-05,28,23,82.14285714285714,39.357142857142854,18.24364787619756,57.6,100.0,0.0,340286,340286,K&S Precision Tools,Korea,Tier 1,98.2,59.20841328190334,5,B
S015,2024-06,34,29,85.29411764705883,36.14705882352941,10.609122298089925,52.4,98.64630598301684,5.88235294117647,375697,373158,K&S Precision Tools,Korea,Tier 1,98.2,61.001479099992956,4,B
S015,2024-07,26,21,80.76923076923077,33.56,9.840731680114034,48.0,98.31593131042507,11.538461538461538,272047,267038,K&S Precision Tools,Korea,Tier 1,98.2,58.68047921095088,8,C
S015,2024-08,36,28,77.77777777777779,37.0,9.791771437221556,51.7,99.80867636871548,5.555555555555555,394143,393519,K&S Precision Tools,Korea,Tier 1,98.2,58.53980417872589,9,C
S015,2024-09,28,27,96.42857142857143,35.92857142857143,10.831806974279147,52.900000000000006,99.2564602632862,3.571428571428571,240567,240262,K&S Precision Tools,Korea,Tier 1,98.2,65.82486239841575,1,A
S015,2024-10,33,30,90.9090909090909,37.59375,12.427491312512778,56.900000000000006,100.0,0.0,325984,325984,K&S Precision Tools,Korea,Tier 1,98.2,63.87813810113382,2,A
S015,2024-11,31,23,74.19354838709677,38.67741935483871,11.088694232638316,51.0,98.62293919183992,6.451612903225806,278163,273229,K&S Precision Tools,Korea,Tier 1,98.2,56.40140097554043,7,C
S015,2024-12,39,31,79.48717948717949,34.578947368421055,11.219268124097859,49.20000000000002,99.08711861072527,5.128205128205128,445196,442607,K&S Precision Tools,Korea,Tier 1,98.2,58.7643332404493,5,B
S015,2025-01,42,38,90.47619047619048,37.642857142857146,11.36494702609402,52.0,99.73038139992542,4.761904761904762,496601,495171,K&S Precision Tools,Korea,Tier 1,98.2,63.36041072904454,2,A
S015,2025-02,31,26,83.87096774193549,33.0,9.865765724632496,48.0,100.0,0.0,231842,231842,K&S Precision Tools,Korea,Tier 1,98.2,61.5752339518477,4,B
S015,2025-03,40,34,85.0,35.743589743589745,10.246226388074854,51.0,98.11851306721572,12.5,442500,434504,K&S Precision Tools,Korea,Tier 1,98.2,60.13630864254974,6,B
S015,2025-04,34,31,91.17647058823529,36.55882352941177,12.121084001105423,50.7,98.99882011484019,8.823529411764707,386550,383574,K&S Precision Tools,Korea,Tier 1,98.2,62.86366452834863,2,A
S015,2025-05,33,27,81.81818181818183,38.875,7.652745659502362,46.0,99.63187847758478,3.0303030303030303,283574,283052,K&S Precision Tools,Korea,Tier 1,98.2,60.78325683561739,3,A
S015,2025-06,28,24,85.71428571428571,37.285714285714285,13.632361124958136,53.800000000000004,98.59093064771919,7.142857142857142,221665,219095,K&S Precision Tools,Korea,Tier 1,98.2,60.4222355407527,5,B
S015,2025-07,35,28,80.0,37.285714285714285,12.27280932547621,47.6,100.0,0.0,403054,403054,K&S Precision Tools,Korea,Tier 1,98.2,59.54543813490476,7,C
S015,2025-08,14,13,92.85714285714286,33.57142857142857,10.218492179259247,46.1,100.0,0.0,107826,107826,K&S Precision Tools,Korea,Tier 1,98.2,65.09915870700529,2,A
S016,2024-02,11,4,36.36363636363637,34.54545454545455,12.620329919329656,48.0,97.94562923065726,9.090909090909092,107489,106360,Amkor Assembly Supplies,China,Tier 1,90.02,40.49598642169489,16,C
S016,2024-03,37,21,56.75675675675676,38.861111111111114,11.940693394026946,55.5,98.83346365539427,8.108108108108109,436331,431497,Amkor Assembly Supplies,China,Tier 1,90.02,49.15379230970478,14,C
S016,2024-04,45,20,44.44444444444444,39.91111111111111,11.659608254416813,52.6,99.95543059460586,2.2222222222222223,354824,354717,Amkor Assembly Supplies,China,Tier 1,90.02,45.210263083053945,16,C
S016,2024-05,31,14,45.16129032258064,40.666666666666664,10.873356660087595,57.2,99.78853601306584,3.225806451612903,349149,348556,Amkor Assembly Supplies,China,Tier 1,90.02,45.5038249557732,14,C
S016,2024-06,35,14,40.0,37.94117647058823,10.876555761850426,52.0,99.41681898156848,2.857142857142857,398863,395449,Amkor Assembly Supplies,China,Tier 1,90.02,43.364020256386176,14,C
S016,2024-07,31,11,35.483870967741936,39.54838709677419,11.304390620985634,57.0,99.82501829874,3.225806451612903,315302,314231,Amkor Assembly Supplies,China,Tier 1,90.02,41.557595107360356,16,C
S016,2024-08,30,11,36.666666666666664,38.86206896551724,12.141205335347633,52.99999999999999,99.74849982350864,3.3333333333333335,180706,179851,Amkor Assembly Supplies,China,Tier 1,90.02,41.82964221331639,16,C
S016,2024-09,27,11,40.74074074074074,39.5,10.304368005850725,52.5,99.8000189626436,3.7037037037037033,277110,275507,Amkor Assembly Supplies,China,Tier 1,90.02,43.80505801354886,15,C
S016,2024-10,36,16,44.44444444444444,40.111111111111114,15.82363111258922,58.0,98.67481864520369,5.555555555555555,470727,468013,Amkor Assembly Supplies,China,Tier 1,90.02,43.659941593265486,16,C
S016,2024-11,38,16,42.10526315789473,41.138888888888886,15.968098156329033,60.5,98.5300637892987,7.894736842105263,312924,308837,Amkor Assembly Supplies,China,Tier 1,90.02,42.418031084471174,15,C
S016,2024-12,24,11,45.83333333333333,36.583333333333336,15.362055644450335,50.599999999999994,99.66820115221019,4.166666666666666,215104,214611,Amkor Assembly Supplies,China,Tier 1,90.02,44.74471588343966,15,C
S016,2025-01,31,9,29.03225806451613,44.4,13.752993404572218,60.2,99.51320208275564,3.225806451612903,216432,216274,Amkor Assembly Supplies,China,Tier 1,90.02,38.393684524557415,17,C
S016,2025-02,32,14,43.75,34.096774193548384,8.141886917701889,46.0,99.3745945668827,6.25,367607,365427,Amkor Assembly Supplies,China,Tier 1,90.02,45.05900098652443,16,C
S016,2025-03,28,11,39.285714285714285,37.535714285714285,11.796051262894093,57.2,100.0,0.0,213563,213563,Amkor Assembly Supplies,China,Tier 1,90.02,43.355075461706896,16,C
S016,2025-04,35,15,42.857142857142854,36.8,9.700818643441448,49.6,99.49574128370257,5.714285714285714,349755,349480,Amkor Assembly Supplies,China,Tier 1,90.02,44.479987227851055,16,C
S016,2025-05,50,18,36.0,38.87755102040816,12.450958217913097,54.80000000000001,99.17056562000084,4.0,453180,450605,Amkor Assembly Supplies,China,Tier 1,90.02,41.260978042417634,17,C
S016,2025-06,29,13,44.827586206896555,35.275862068965516,12.284998260724738,48.2,98.75624121914417,10.344827586206897,258455,255895,Amkor Assembly Supplies,China,Tier 1,90.02,44.06642443773623,17,C
S016,2025-07,32,14,43.75,36.71875,13.749450135632989,51.900000000000006,98.07587464765146,9.375,348233,337509,Amkor Assembly Supplies,China,Tier 1,90.02,43.235372367168836,16,C
S016,2025-08,11,5,45.45454545454545,40.4,9.73196337390925,55.0,97.72675513964515,9.090909090909092,62937,61839,Amkor Assembly Supplies,China,Tier 1,90.02,44.64436113983898,14,C
S017,2024-02,8,6,75.0,38.57142857142857,8.772250620700538,47.2,100.0,0.0,56934,56934,Infineon Packaging Materials,Germany,Tier 2,94.71,58.24554987585989,6,B
S017,2024-03,24,22,91.66666666666666,36.78260869565217,15.791126742397658,48.400000000000006,99.49327969419525,4.166666666666666,194932,193617,Infineon Packaging Materials,Germany,Tier 2,94.71,62.93975855977904,4,B
S017,2024-04,13,12,92.3076923076923,39.92307692307692,13.181183169336116,50.6,100.0,0.0,115059,115059,Infineon Packaging Materials,Germany,Tier 2,94.71,64.2868402892097,1,A
S017,2024-05,18,16,88.88888888888889,38.0,11.193485500372923,50.6,99.2184388689765,5.555555555555555,169909,168810,Infineon Packaging Materials,Germany,Tier 2,94.71,62.526834560618376,2,A
S017,2024-06,12,10,83.33333333333334,36.916666666666664,13.194064322009854,54.7,98.44812331191207,8.333333333333332,122513,121180,Infineon Packaging Materials,Germany,Tier 2,94.71,59.39562412917165,8,C
S017,2024-07,19,17,89.47368421052632,35.31578947368421,9.843512424033673,49.0,99.54341298791533,5.263157894736842,218960,218776,Infineon Packaging Materials,Germany,Tier 2,94.71,63.157479306304715,5,B
S017,2024-08,24,20,83.33333333333334,42.5,13.12150574604448,58.8,100.0,0.0,155867,155867,Infineon Packaging Materials,Germany,Tier 2,94.71,60.70903218412444,6,B
S017,2024-09,25,19,76.0,42.0,10.543560435956472,54.6,99.45858221571058,4.0,160399,159198,Infineon Packaging Materials,Germany,Tier 2,94.71,57.72886257752189,7,C
S017,2024-10,15,10,66.66666666666666,35.6,10.568146208570086,47.8,99.23340177960301,6.666666666666667,164546,161186,Infineon Packaging Materials,Germany,Tier 2,94.71,53.65639129216689,11,C
S017,2024-11,15,15,100.0,36.8,10.475822504360082,50.599999999999994,99.4400163498876,6.666666666666667,153005,152457,Infineon Packaging Materials,Germany,Tier 2,94.71,67.0701737374276,1,A
S017,2024-12,13,10,76.92307692307693,40.46153846153846,14.964487877501773,55.6,100.0,0.0,131803,131803,Infineon Packaging Materials,Germany,Tier 2,94.71,57.776333193730416,6,B
S017,2025-01,13,11,84.61538461538461,37.76923076923077,6.9059617499887525,47.6,97.92451959143632,15.384615384615385,127934,127417,Infineon Packaging Materials,Germany,Tier 2,94.71,60.30385583512545,6,B
S017,2025-02,15,11,73.33333333333333,37.86666666666667,17.249706691778297,54.0,98.32884097035041,6.666666666666667,129672,129579,Infineon Packaging Materials,Germany,Tier 2,94.71,54.71537761941614,11,C
S017,2025-03,17,15,88.23529411764706,41.5625,14.38503273081666,58.0,98.08487220251925,11.76470588235294,95853,95804,Infineon Packaging Materials,Germany,Tier 2,94.71,60.66610217341597,4,B
S017,2025-04,24,15,62.5,39.56521739130435,16.255980960743262,58.8,98.67649966020193,8.333333333333332,207541,205056,Infineon Packaging Materials,Germany,Tier 2,94.71,50.51842037257858,12,C
S017,2025-05,14,9,64.28571428571429,41.0,16.22438810034971,63.900000000000006,99.00366300366301,7.142857142857142,162149,161741,Infineon Packaging Materials,Germany,Tier 2,94.71,51.45622128102897,12,C
S017,2025-06,10,7,70.0,39.1,13.47796555699545,54.0,97.49978379313326,10.0,128595,125704,Infineon Packaging Materials,Germany,Tier 2,94.71,53.55434202654089,9,C
S017,2025-07,14,13,92.85714285714286,34.07142857142857,9.143844383512338,44.60000000000001,97.56772869321075,14.285714285714285,155784,152854,Infineon Packaging Materials,Germany,Tier 2,94.71,63.15583544554647,3,A
S017,2025-08,8,6,75.0,38.625,8.365533028871672,47.9,99.74858964925191,12.5,59617,59535,Infineon Packaging Materials,Germany,Tier 2,94.71,57.00147028900123,6,B
S018,2024-02,12,9,75.0,41.63636363636363,19.525740586583275,72.0,100.0,0.0,89409,89409,St Micro Parts Asia,Malaysia,Tier 1,97.91,56.09485188268334,7,C
S018,2024-03,27,23,85.18518518518519,37.81481481481482,13.770193666693057,51.60000000000001,99.25169396750213,3.7037037037037033,249982,248617,St Micro Parts Asia,Malaysia,Tier 1,97.91,60.72517316061573,7,C
S018,2024-04,44,37,84.0909090909091,36.70454545454545,10.144489959222671,49.400000000000006,99.16438618006634,6.8181818181818175,444757,442540,St Micro Parts Asia,Malaysia,Tier 1,97.91,60.67496331672082,5,B
S018,2024-05,44,34,77.27272727272727,39.095238095238095,10.168841754342273,53.0,98.21700164392946,13.636363636363635,442830,438006,St Micro Parts Asia,Malaysia,Tier 1,97.91,56.97678668776492,9,C
S018,2024-06,30,24,80.0,38.206896551724135,13.862537673128838,59.4,99.29271206690562,3.3333333333333335,347165,346277,St Micro Parts Asia,Malaysia,Tier 1,97.91,58.681972752112586,9,C
S018,2024-07,28,23,82.14285714285714,34.714285714285715,11.514426194214396,53.3,99.88169510228335,3.571428571428571,318889,318666,St Micro Parts Asia,Malaysia,Tier 1,97.91,60.161623291842126,6,B
S018,2024-08,29,27,93.10344827586206,36.37931034482759,9.954947775939104,45.0,99.05523334892983,6.896551724137931,404850,404697,St Micro Parts Asia,Malaysia,Tier 1,97.91,64.27730458742215,1,A
S018,2024-09,35,28,80.0,38.73529411764706,14.357573914096776,54.7,99.73449068164412,2.857142857142857,379798,379434,St Micro Parts Asia,Malaysia,Tier 1,97.91,58.763118135959594,5,B
S018,2024-10,29,24,82.75862068965517,33.32142857142857,9.710832330457803,45.6,98.16773918886163,10.344827586206897,371333,363623,St Micro Parts Asia,Malaysia,Tier 1,97.91,59.577120807808306,6,B
S018,2024-11,36,29,80.55555555555556,39.22222222222222,13.705288053701045,57.0,100.0,0.0,427448,427448,St Micro Parts Asia,Malaysia,Tier 1,97.91,59.481164611482015,5,B
S018,2024-12,26,18,69.23076923076923,36.541666666666664,14.64353000524439,53.5,99.47476929118397,3.8461538461538463,230997,229606,St Micro Parts Asia,Malaysia,Tier 1,97.91,54.22141709399862,9,C
S018,2025-01,34,29,85.29411764705883,38.27272727272727,11.724101051020735,54.400000000000006,98.29155879733077,11.76470588235294,336832,332435,St Micro Parts Asia,Malaysia,Tier 1,97.91,60.083823899583315,7,C
S018,2025-02,34,28,82.35294117647058,36.09090909090909,12.63270466973432,52.6,99.70187530052893,2.941176470588235,344230,343486,St Micro Parts Asia,Malaysia,Tier 1,97.91,60.03108047974122,6,B
S018,2025-03,28,23,82.14285714285714,35.357142857142854,10.382372117856827,53.0,99.10714285714286,3.571428571428571,229049,226210,St Micro Parts Asia,Malaysia,Tier 1,97.91,60.15566843357149,5,B
S018,2025-04,36,32,88.88888888888889,37.52777777777778,12.55726565120451,53.5,98.68796854932081,8.333333333333332,444606,440343,St Micro Parts Asia,Malaysia,Tier 1,97.91,61.81715965677757,3,A
S018,2025-05,44,43,97.72727272727273,36.97727272727273,9.563712027128565,47.7,98.37778949053205,9.090909090909092,381376,372472,St Micro Parts Asia,Malaysia,Tier 1,97.91,65.78241262355209,1,A
S018,2025-06,31,27,87.09677419354838,36.54838709677419,11.233398742670358,54.0,100.0,0.0,330017,330017,St Micro Parts Asia,Malaysia,Tier 1,97.91,62.59202992888529,3,A
S018,2025-07,33,29,87.87878787878788,36.81818181818182,10.637359122024089,50.8,98.64946683335259,9.090909090909092,409118,389292,St Micro Parts Asia,Malaysia,Tier 1,97.91,61.709792468025206,5,B
S018,2025-08,22,18,81.81818181818183,40.18181818181818,12.55705593201104,53.800000000000004,98.2023738484415,9.090909090909092,220052,217530,St Micro Parts Asia,Malaysia,Tier 1,97.91,58.767482786312065,4,B
S019,2024-02,13,11,84.61538461538461,41.5,15.35341241311757,64.5,100.0,0.0,103724,103724,Applied Materials Korea,Singapore,Tier 1,98.4,60.77547136353033,5,B
S019,2024-03,22,21,95.45454545454545,34.81818181818182,9.266613721858157,44.60000000000001,99.01703936400625,9.090909090909092,247613,246908,Applied Materials Korea,Singapore,Tier 1,98.4,65.12451633755751,2,A
S019,2024-04,35,33,94.28571428571428,38.857142857142854,11.65217186809813,51.0,98.9086135891824,8.571428571428571,274255,270032,Applied Materials Korea,Singapore,Tier 1,98.4,64.19929256027794,2,A
S019,2024-05,25,21,84.0,39.8,14.317821063276353,57.400000000000006,99.64144887666208,4.0,203431,203040,Applied Materials Korea,Singapore,Tier 1,98.4,60.22887045034336,4,B
S019,2024-06,33,29,87.87878787878788,34.36363636363637,11.607697289455665,44.6,99.31904658477528,3.0303030303030303,358688,355302,Applied Materials Korea,Singapore,Tier 1,98.4,62.3226593660263,1,A
S019,2024-07,31,27,87.09677419354838,36.354838709677416,7.4991038891180155,43.0,100.0,0.0,241153,241153,Applied Materials Korea,Singapore,Tier 1,98.4,63.33888889959576,4,B
S019,2024-08,33,30,90.9090909090909,38.36363636363637,14.130680675878157,53.6,99.31854429462085,3.0303030303030303,342440,342393,Applied Materials Korea,Singapore,Tier 1,98.4,63.030033213816694,3,A
S019,2024-09,35,30,85.71428571428571,36.57142857142857,10.117793628017901,49.00000000000001,100.0,0.0,385857,385857,Applied Materials Korea,Singapore,Tier 1,98.4,62.2621555601107,2,A
S019,2024-10,30,25,83.33333333333334,38.892857142857146,11.259035172512473,54.6,99.02690744630056,6.666666666666667,318062,315282,Applied Materials Korea,Singapore,Tier 1,98.4,60.122931866054344,4,B
S019,2024-11,44,32,72.72727272727273,40.04651162790697,14.65468150191196,55.60000000000001,99.6077578769967,4.545454545454546,358883,358040,Applied Materials Korea,Singapore,Tier 1,98.4,55.58775469908026,8,C
S019,2024-12,35,30,85.71428571428571,38.666666666666664,9.416297927883692,49.0,99.01018589253884,8.571428571428571,395591,394501,Applied Materials Korea,Singapore,Tier 1,98.4,61.24836761075634,2,A
S019,2025-01,26,23,88.46153846153845,36.0,8.380930735902783,42.5,99.6222691829086,3.8461538461538463,240003,238977,Applied Materials Korea,Singapore,Tier 1,98.4,63.21049460769201,3,A
S019,2025-02,30,27,90.0,38.46666666666667,10.937860010495445,50.400000000000006,100.0,0.0,277787,277787,Applied Materials Korea,Singapore,Tier 1,98.4,63.81242799790091,2,A
S019,2025-03,37,28,75.67567567567568,37.972972972972975,13.378021956607466,57.0,97.77677834141579,10.81081081081081,466632,453677,Applied Materials Korea,Singapore,Tier 1,98.4,55.84661830029244,8,C
S019,2025-04,33,28,84.84848484848484,40.375,13.2512933026761,53.0,100.0,0.0,421548,421548,Applied Materials Korea,Singapore,Tier 1,98.4,61.289135278858716,4,B
S019,2025-05,33,27,81.81818181818183,39.125,15.782288970909454,54.900000000000006,99.45964877170161,3.0303030303030303,271608,269988,Applied Materials Korea,Singapore,Tier 1,98.4,59.10567926157102,6,B
S019,2025-06,21,18,85.71428571428571,35.714285714285715,10.991555199983564,51.0,99.2006140977792,4.761904761904762,195677,191147,Applied Materials Korea,Singapore,Tier 1,98.4,61.37139699886085,4,B
S019,2025-07,34,30,88.23529411764706,35.36363636363637,11.202171055810403,50.6,99.3292235493112,2.941176470588235,260020,256784,Applied Materials Korea,Singapore,Tier 1,98.4,62.55833285363127,4,B
S019,2025-08,17,13,76.47058823529412,43.25,15.809279975170702,57.5,100.0,0.0,165250,165250,Applied Materials Korea,Singapore,Tier 1,98.4,57.426379299083514,5,B
S020,2024-02,4,2,50.0,30.75,8.65544144839919,38.4,100.0,0.0,69083,69083,Nanotech Packaging Taiwan,Malaysia,Tier 2,98.39,48.26891171032016,12,C
S020,2024-03,22,21,95.45454545454545,33.333333333333336,7.9267479670627425,41.0,98.5987637659343,13.636363636363635,225413,221980,Nanotech Packaging Taiwan,Malaysia,Tier 2,98.39,64.81246135454955,3,A
S020,2024-04,16,12,75.0,35.0625,9.341439931830639,45.0,100.0,0.0,150053,150053,Nanotech Packaging Taiwan,Malaysia,Tier 2,98.39,58.13171201363387,7,C
S020,2024-05,21,16,76.19047619047619,35.095238095238095,11.00865460401389,53.0,98.94691721631429,9.523809523809524,237611,236445,Nanotech Packaging Taiwan,Malaysia,Tier 2,98.39,57.00615376790103,8,C
S020,2024-06,17,11,64.70588235294117,32.8,10.597843446394446,45.0,97.18161502828279,11.76470588235294,138255,135296,Nanotech Packaging Taiwan,Malaysia,Tier 2,98.39,51.74079817214712,12,C
S020,2024-07,9,8,88.88888888888889,33.0,9.836157786453,43.6,100.0,0.0,154209,154209,Nanotech Packaging Taiwan,Malaysia,Tier 2,98.39,63.588323998264954,2,A
S020,2024-08,23,21,91.30434782608695,37.52173913043478,13.017015316386301,52.0,100.0,0.0,225858,225858,Nanotech Packaging Taiwan,Malaysia,Tier 2,98.39,63.91833606715752,2,A
S020,2024-09,25,21,84.0,34.12,10.709497342701633,40.2,100.0,0.0,309842,309842,Nanotech Packaging Taiwan,Malaysia,Tier 2,98.39,61.45810053145968,4,B
S020,2024-10,16,15,93.75,36.9375,14.55320697761608,52.5,98.5029926819245,12.5,165205,161912,Nanotech Packaging Taiwan,Malaysia,Tier 2,98.39,62.89025640905413,3,A
S020,2024-11,18,13,72.22222222222221,38.833333333333336,12.509996003196802,53.800000000000004,97.48906970149301,11.11111111111111,142475,141080,Nanotech Packaging Taiwan,Malaysia,Tier 2,98.39,54.522499487586316,10,C
S020,2024-12,14,14,100.0,40.642857142857146,10.659824957843734,54.400000000000006,100.0,0.0,129142,129142,Nanotech Packaging Taiwan,Malaysia,Tier 2,98.39,67.86803500843125,1,A
S020,2025-01,19,14,73.68421052631578,41.125,15.525785004308156,58.5,98.4573854679098,10.526315789473683,172274,167727,Nanotech Packaging Taiwan,Malaysia,Tier 2,98.39,54.85311127109025,9,C
S020,2025-02,13,11,84.61538461538461,38.333333333333336,10.209917935146406,53.5,98.45534971491183,7.6923076923076925,138880,135835,Nanotech Packaging Taiwan,Malaysia,Tier 2,98.39,60.57154440436735,5,B
S020,2025-03,22,20,90.9090909090909,39.0,11.189280584559492,54.0,98.23386186467204,9.090909090909092,183210,177961,Nanotech Packaging Taiwan,Malaysia,Tier 2,98.39,62.686847897035165,1,A
S020,2025-04,13,10,76.92307692307693,37.23076923076923,5.746793978005566,42.8,96.87491403579862,15.384615384615385,187447,183055,Nanotech Packaging Taiwan,Malaysia,Tier 2,98.39,57.14388464590771,6,B
S020,2025-05,11,9,81.81818181818183,34.81818181818182,11.356215758941723,48.0,100.0,0.0,145877,145877,Nanotech Packaging Taiwan,Malaysia,Tier 2,98.39,60.456029575484386,5,B
S020,2025-06,19,17,89.47368421052632,31.36842105263158,8.908239172036122,41.599999999999994,100.0,0.0,290037,290037,Nanotech Packaging Taiwan,Malaysia,Tier 2,98.39,64.0078258498033,1,A
S020,2025-07,24,19,79.16666666666666,40.130434782608695,15.419304157823154,63.6,98.1313171578813,12.5,189390,186599,Nanotech Packaging Taiwan,Malaysia,Tier 2,98.39,56.77220098246642,9,C
S020,2025-08,8,6,75.0,37.625,10.966670285134734,51.9,98.72265253431173,12.5,58822,58070,Nanotech Packaging Taiwan,Malaysia,Tier 2,98.39,56.173461703266575,8,C
